SSN,InspectDate,DPU,CD,THK,Taper,Brightness_Drift,Flicker_NG,Defect_Mode
SSN2026000000,2026-02-15,1.0,58.013,710.505,86.477,-0.1446,0,Normal
SSN2026000001,2026-02-26,2.0,59.08,719.827,85.622,-0.1363,0,Normal
SSN2026000002,2026-01-17,0.0,55.544,697.076,85.808,0.4248,0,Normal
SSN2026000003,2026-02-15,2.0,57.492,645.208,84.224,-0.0577,0,Normal
SSN2026000004,2026-02-26,1.0,50.481,700.631,83.636,0.037,0,Normal
SSN2026000005,2026-03-11,1.0,57.499,772.768,85.749,0.1404,0,Normal
SSN2026000006,2026-02-16,6.0,50.96,729.588,87.201,0.1936,0,Normal
SSN2026000007,2026-04-03,2.0,53.954,751.978,86.599,0.5084,1,Flicker
SSN2026000008,2026-04-02,3.0,62.392,698.51,82.979,0.4216,0,Normal
SSN2026000009,2026-01-10,6.0,56.852,654.68,85.905,0.6183,1,Brightness
SSN2026000010,2026-01-14,2.0,52.38,691.434,85.094,0.1452,0,Normal
SSN2026000011,2026-02-20,4.0,56.146,725.616,86.599,0.3602,0,Normal
SSN2026000012,2026-03-23,2.0,54.349,725.388,86.232,-0.1782,1,Flicker
SSN2026000013,2026-02-21,1.0,52.982,,85.684,0.1283,0,Normal
SSN2026000014,2026-01-24,0.0,60.136,707.721,86.351,-0.0897,0,Normal
SSN2026000015,2026-02-22,6.0,57.061,731.926,84.411,-0.1892,0,Particle
SSN2026000016,2026-03-31,5.0,54.709,692.45,84.89,0.0255,1,Scratch
SSN2026000017,2026-01-22,3.0,54.537,716.609,85.424,0.61,1,Brightness
SSN2026000019,2026-03-01,0.0,59.079,695.74,84.339,0.4973,0,Normal
SSN2026000020,2026-02-08,4.0,54.718,684.685,84.8,0.2311,0,Normal
SSN2026000021,2026-01-05,7.0,47.47,686.781,86.51,0.4708,0,Normal
SSN2026000022,2026-03-03,0.0,61.315,757.924,86.112,0.0126,1,Flicker
SSN2026000023,2026-03-10,3.0,56.406,731.058,85.877,0.5042,0,Normal
SSN2026000024,2026-03-03,1.0,54.65,738.353,85.105,0.6372,0,Brightness
SSN2026000025,2026-03-05,6.0,56.013,693.624,83.199,0.6024,0,Particle
SSN2026000026,2026-03-07,1.0,54.811,669.395,86.425,-0.2934,1,Flicker
SSN2026000027,2026-02-05,1.0,55.949,727.142,86.624,0.0838,1,Flicker
SSN2026000028,2026-01-05,1.0,52.534,734.334,84.337,0.6562,0,Brightness
SSN2026000029,2026-04-04,1.0,52.813,704.931,87.228,,0,Normal
SSN2026000030,2026-01-20,2.0,53.418,700.251,86.308,-0.0861,0,Normal
SSN2026000031,2026-03-22,4.0,59.276,675.144,86.41,0.2177,0,Normal
SSN2026000032,2026-02-20,6.0,53.608,737.331,84.391,0.0448,0,Particle
SSN2026000033,2026-02-19,5.0,53.516,743.665,84.702,0.0006,0,Particle
SSN2026000034,2026-01-07,4.0,58.751,694.719,85.772,0.6928,1,Brightness
SSN2026000035,2026-04-03,3.0,54.886,683.02,86.503,0.5154,0,Normal
SSN2026000036,2026-02-20,4.0,55.931,745.22,84.964,0.3008,1,Flicker
SSN2026000037,2026-03-20,2.0,53.628,706.841,81.605,-0.1612,0,Normal
SSN2026000038,2026-03-17,1.0,55.215,751.958,85.584,0.1413,0,Normal
SSN2026000039,2026-01-19,3.0,52.177,706.792,85.197,-0.2071,0,Normal
SSN2026000040,2026-04-01,3.0,53.562,712.804,87.154,-0.1595,0,Normal
SSN2026000041,2026-02-28,4.0,55.995,703.695,86.382,-0.2846,0,Normal
SSN2026000042,2026-01-23,0.0,55.581,703.914,85.7,0.241,0,Normal
SSN2026000043,2026-02-28,4.0,58.023,742.443,87.702,0.4238,0,Normal
SSN2026000044,2026-02-27,6.0,57.572,729.919,84.55,0.1917,0,Particle
SSN2026000045,2026-03-03,5.0,60.409,736.63,82.5,0.0997,0,Normal
SSN2026000046,2026-02-02,5.0,58.422,713.37,84.357,0.3157,0,Particle
SSN2026000047,2026-04-02,0.0,55.677,699.902,,-0.082,0,Normal
SSN2026000048,2026-01-27,2.0,51.421,712.006,84.901,,0,Normal
SSN2026000049,2026-02-20,3.0,54.507,701.479,85.546,0.277,0,Normal
SSN2026000050,2026-03-23,2.0,58.102,764.036,86.467,-0.2272,0,Normal
SSN2026000051,2026-01-14,0.0,56.999,727.881,87.678,0.2224,0,Normal
SSN2026000052,2026-02-10,0.0,55.202,717.083,85.402,0.6736,0,Brightness
SSN2026000053,2026-02-15,1.0,54.928,694.457,85.331,-0.2535,0,Normal
SSN2026000054,2026-03-14,1.0,57.194,743.063,88.012,-0.2882,0,Normal
SSN2026000055,2026-03-13,0.0,58.316,720.113,87.402,-0.0331,0,Normal
SSN2026000056,2026-03-18,3.0,56.766,696.945,86.248,-0.1844,0,Normal
SSN2026000057,2026-02-07,2.0,55.125,752.543,84.787,-0.001,0,Normal
SSN2026000058,2026-02-16,2.0,52.362,692.625,86.824,0.4287,1,Flicker
SSN2026000059,2026-01-07,1.0,53.27,697.591,88.198,0.4252,0,Normal
SSN2026000060,2026-03-22,2.0,53.753,703.008,84.947,0.3552,0,Normal
SSN2026000061,2026-02-03,4.0,56.136,671.635,85.677,-0.4578,0,Normal
SSN2026000062,2026-02-18,4.0,56.622,707.513,85.732,-0.031,0,Normal
SSN2026000063,2026-03-04,3.0,51.803,692.131,87.434,-0.1852,0,Normal
SSN2026000064,2026-03-14,1.0,53.393,692.716,87.19,-0.2751,0,Normal
SSN2026000065,2026-01-13,1.0,54.687,692.929,85.536,0.2694,0,Normal
SSN2026000066,2026-03-12,0.0,53.789,701.097,84.478,0.3281,1,
SSN2026000067,2026-02-05,6.0,56.299,695.3,85.187,-0.0979,0,Particle
SSN2026000068,2026-02-14,0.0,56.294,711.52,85.6,0.0038,1,Flicker
SSN2026000069,2026-01-16,3.0,52.907,724.21,86.575,-0.3268,0,Normal
SSN2026000070,2026-03-11,1.0,54.968,718.517,84.492,0.667,0,Brightness
SSN2026000071,2026-02-14,2.0,56.985,777.673,88.199,-0.2928,0,Normal
SSN2026000072,2026-01-15,0.0,53.258,706.116,85.961,0.1169,1,Flicker
SSN2026000073,2026-01-20,5.0,55.046,727.854,83.874,0.0284,0,Normal
SSN2026000074,2026-03-13,2.0,56.243,720.677,85.471,0.5779,0,Brightness
SSN2026000075,2026-01-12,1.0,53.064,706.141,85.948,0.2213,0,Particle
SSN2026000076,2026-02-18,2.0,50.714,711.294,,0.1216,0,Scratch
SSN2026000077,2026-03-09,2.0,50.585,726.431,86.274,0.2325,0,Normal
SSN2026000078,2026-03-31,3.0,55.202,708.551,86.953,-0.0646,1,Scratch
SSN2026000079,2026-01-16,2.0,50.902,690.236,87.294,0.7623,1,Brightness
SSN2026000080,2026-01-29,2.0,54.486,690.537,85.22,0.0041,0,Normal
SSN2026000081,2026-01-16,6.0,56.988,715.427,86.568,-0.1918,0,Particle
SSN2026000082,2026-03-27,1.0,52.328,656.232,85.932,0.2664,0,Normal
SSN2026000083,2026-02-27,3.0,54.907,753.119,85.544,-0.2324,0,Normal
SSN2026000084,2026-04-05,3.0,61.127,753.791,85.946,-0.3271,0,Normal
SSN2026000085,2026-01-05,2.0,56.472,716.74,85.179,0.4587,1,Flicker
SSN2026000086,2026-03-06,1.0,53.761,716.952,84.75,0.221,0,Normal
SSN2026000087,2026-01-07,6.0,55.057,736.276,86.01,-0.0835,0,Particle
SSN2026000088,2026-01-13,1.0,56.361,676.925,83.975,0.2697,0,Normal
SSN2026000089,2026-02-10,1.0,60.468,731.623,83.759,0.2168,0,Normal
SSN2026000090,2026-02-05,5.0,51.719,694.415,87.733,-0.1113,0,Particle
SSN2026000091,2026-02-08,1.0,52.363,770.805,85.457,-0.2414,0,Normal
SSN2026000092,2026-01-08,0.0,49.824,718.703,84.854,0.4306,1,Flicker
SSN2026000093,2026-02-26,2.0,56.569,733.785,85.404,0.1971,0,Normal
SSN2026000094,2026-02-02,7.0,49.715,701.791,85.285,0.8315,0,Brightness
SSN2026000095,2026-04-06,4.0,54.292,,85.869,-0.3029,0,Normal
SSN2026000096,2026-03-18,4.0,52.64,696.499,86.302,0.1734,0,Normal
SSN2026000097,2026-02-10,8.0,55.333,744.419,85.756,0.255,0,Particle
SSN2026000098,2026-03-16,4.0,53.696,725.922,87.017,0.0772,0,Normal
SSN2026000099,2026-02-25,5.0,53.777,712.208,83.907,0.2676,0,Particle
SSN2026000100,2026-02-17,1.0,49.629,722.947,85.241,0.2005,0,Normal
SSN2026000101,2026-03-25,2.0,55.329,697.704,87.989,-0.1671,1,Flicker
SSN2026000102,2026-02-23,1.0,50.586,655.552,87.219,0.4111,0,Normal
SSN2026000103,2026-02-16,0.0,54.64,729.255,89.051,0.3717,0,Normal
SSN2026000104,2026-02-23,3.0,60.083,700.95,85.524,-0.215,0,Normal
SSN2026000105,2026-03-18,3.0,58.711,730.378,87.178,0.5818,0,Brightness
SSN2026000106,2026-03-12,0.0,55.55,715.239,86.531,0.9902,0,Brightness
SSN2026000107,2026-02-20,3.0,62.962,744.6,84.925,-0.1481,0,Normal
SSN2026000108,2026-01-23,3.0,51.829,723.071,88.093,-0.4892,0,Normal
SSN2026000109,2026-03-01,0.0,58.203,653.747,84.246,0.5163,0,Normal
SSN2026000110,2026-02-13,5.0,51.531,730.905,82.509,-0.2043,0,Particle
SSN2026000111,2026-03-31,8.0,56.264,699.589,86.351,0.3912,0,Particle
SSN2026000112,2026-03-28,6.0,,746.704,86.396,-0.1628,0,Particle
SSN2026000113,2026-01-04,4.0,55.501,720.742,87.308,0.2885,0,Normal
SSN2026000114,2026-04-01,4.0,55.534,722.357,87.186,-0.2507,0,Normal
SSN2026000115,2026-03-25,2.0,54.08,694.512,84.343,0.3086,0,Normal
SSN2026000116,2026-03-27,1.0,59.318,690.352,86.816,-0.2279,0,Normal
SSN2026000117,2026-02-21,6.0,54.59,692.952,86.293,0.3874,1,Flicker
SSN2026000118,2026-01-26,4.0,56.485,671.197,86.653,0.5114,0,Normal
SSN2026000119,2026-02-26,6.0,56.243,687.346,86.121,0.1368,0,Particle
SSN2026000120,2026-03-24,4.0,50.608,678.919,83.001,-0.3321,0,Normal
SSN2026000121,2026-02-16,5.0,52.696,660.114,87.556,-0.3919,0,Particle
SSN2026000122,2026-04-06,6.0,54.741,714.661,86.317,0.4807,0,Particle
SSN2026000123,2026-01-26,1.0,57.529,722.818,86.396,-0.3514,0,Normal
SSN2026000124,2026-03-23,2.0,59.554,712.155,86.05,-0.2645,1,Flicker
SSN2026000125,2026-01-13,4.0,55.523,698.749,84.274,-0.2598,0,Normal
SSN2026000126,2026-03-24,2.0,55.313,680.952,85.907,-0.0871,1,Flicker
SSN2026000127,2026-04-02,0.0,,696.481,87.755,-0.0601,0,Normal
SSN2026000128,2026-03-11,2.0,54.943,692.566,85.475,0.301,0,Normal
SSN2026000129,2026-02-28,2.0,53.411,713.15,85.688,-0.2347,0,Normal
SSN2026000130,2026-02-10,4.0,52.976,673.937,87.507,0.1505,0,Normal
SSN2026000131,2026-03-27,5.0,53.352,720.384,86.14,0.2281,0,Particle
SSN2026000132,2026-01-17,8.0,56.44,711.297,83.551,0.3258,1,Flicker
SSN2026000133,2026-01-28,5.0,53.953,718.798,88.297,0.0077,1,Flicker
SSN2026000134,2026-01-13,0.0,53.73,728.262,85.25,-0.1248,0,Normal
SSN2026000135,2026-02-02,2.0,55.97,721.551,86.507,-0.1184,0,Normal
SSN2026000137,2026-02-05,5.0,52.824,663.258,84.191,-0.2146,0,Particle
SSN2026000138,2026-02-10,1.0,52.943,698.515,86.201,0.0526,0,Normal
SSN2026000139,2026-01-23,2.0,56.963,,86.925,-0.2157,0,Normal
SSN2026000141,2026-02-18,1.0,53.418,740.624,86.736,-0.0826,0,Normal
SSN2026000142,2026-01-26,5.0,54.57,759.291,85.097,-0.2993,0,Particle
SSN2026000143,2026-03-27,2.0,51.877,715.251,87.715,0.068,0,Normal
SSN2026000144,2026-03-27,1.0,54.322,705.202,87.827,-0.0174,0,Normal
SSN2026000145,2026-03-25,3.0,56.065,696.094,86.876,0.1641,0,Normal
SSN2026000146,2026-01-07,0.0,52.389,683.176,85.435,0.2681,0,Normal
SSN2026000147,2026-02-19,1.0,55.451,700.685,87.288,0.143,0,Normal
SSN2026000148,2026-03-14,9.0,59.568,704.294,86.064,0.393,0,Particle
SSN2026000149,2026-02-04,6.0,51.892,682.348,85.602,0.1626,0,Particle
SSN2026000150,2026-01-28,5.0,56.955,714.486,86.831,0.2539,0,Particle
SSN2026000151,2026-03-03,1.0,56.668,758.966,86.754,0.2745,0,Normal
SSN2026000152,2026-01-04,1.0,49.847,717.606,87.307,0.2693,0,Normal
SSN2026000153,2026-03-04,5.0,56.996,704.805,86.675,-0.0476,1,Flicker
SSN2026000154,2026-02-11,2.0,58.019,736.247,86.511,0.2851,0,Normal
SSN2026000155,2026-03-07,2.0,56.484,724.113,83.951,-0.0451,0,Normal
SSN2026000156,2026-03-09,4.0,55.368,713.463,84.34,-0.286,0,Normal
SSN2026000157,2026-02-23,2.0,56.954,706.191,86.208,0.0105,0,Normal
SSN2026000158,2026-02-24,3.0,61.669,709.488,85.276,-0.2065,0,Normal
SSN2026000159,2026-01-05,1.0,53.02,716.832,87.654,0.6236,0,Brightness
SSN2026000160,2026-04-05,6.0,52.914,707.787,86.767,0.2725,0,Particle
SSN2026000161,2026-01-14,,49.909,694.928,85.483,0.1768,0,Normal
SSN2026000162,2026-04-04,3.0,60.249,680.408,87.664,-0.1838,0,Normal
SSN2026000163,2026-04-05,2.0,59.776,717.942,85.481,0.518,0,Normal
SSN2026000164,2026-03-13,1.0,53.528,706.09,86.148,0.63,0,Brightness
SSN2026000165,2026-03-16,6.0,52.061,706.806,84.711,0.2414,0,Particle
SSN2026000166,2026-01-09,2.0,55.424,684.9,87.112,0.2189,0,Normal
SSN2026000167,2026-04-02,2.0,58.878,734.817,87.361,-0.194,0,Normal
SSN2026000168,2026-02-23,4.0,51.391,724.053,87.639,0.1605,0,Normal
SSN2026000169,2026-02-03,3.0,50.971,663.814,83.912,0.1502,0,Normal
SSN2026000170,2026-03-06,5.0,60.645,747.613,85.564,0.9935,0,Brightness
SSN2026000171,2026-02-20,4.0,56.229,704.546,87.073,-0.0938,1,Flicker
SSN2026000172,2026-02-06,2.0,56.503,707.536,84.321,0.0531,0,Normal
SSN2026000173,2026-02-02,10.0,53.323,734.944,86.588,-0.1781,0,Particle
SSN2026000174,2026-01-12,2.0,55.098,749.741,86.436,0.172,0,Particle
SSN2026000175,2026-03-24,3.0,51.826,735.76,85.2,0.3581,0,Normal
SSN2026000176,2026-03-08,2.0,52.741,711.677,84.882,0.281,0,Normal
SSN2026000177,2026-01-30,2.0,57.54,678.949,85.849,-0.3426,0,Normal
SSN2026000178,2026-03-08,2.0,48.635,668.684,85.827,-0.4051,0,Normal
SSN2026000179,2026-03-07,0.0,54.979,735.92,85.882,-0.2222,0,Normal
SSN2026000180,2026-01-20,7.0,53.415,743.4,86.959,-0.0699,0,Particle
SSN2026000181,2026-01-22,1.0,56.241,701.513,86.234,0.105,0,Normal
SSN2026000182,2026-01-27,1.0,53.782,701.589,86.656,0.8063,0,Brightness
SSN2026000183,2026-01-15,4.0,51.327,693.267,85.047,0.4206,0,Normal
SSN2026000184,2026-03-21,2.0,51.971,690.415,85.57,-0.066,0,Scratch
SSN2026000185,2026-01-17,3.0,55.417,738.166,85.307,0.1945,0,Normal
SSN2026000186,2026-03-21,5.0,54.829,705.851,88.541,0.063,0,Particle
SSN2026000187,2026-02-23,0.0,51.959,699.318,85.866,0.0465,0,Normal
SSN2026000188,2026-01-13,0.0,56.01,776.841,84.442,0.7498,0,Brightness
SSN2026000189,2026-03-21,1.0,54.197,687.218,83.302,0.1302,0,Normal
SSN2026000190,2026-01-22,11.0,53.481,714.156,86.356,0.137,0,Particle
SSN2026000191,2026-04-02,4.0,48.79,685.258,86.567,-0.2291,0,Normal
SSN2026000192,2026-01-07,1.0,55.929,706.416,85.355,-0.1291,1,Flicker
SSN2026000193,2026-03-01,0.0,51.226,711.715,87.283,0.237,1,Flicker
SSN2026000194,2026-02-01,5.0,55.345,734.347,85.021,-0.2335,0,Normal
SSN2026000195,2026-02-20,0.0,51.405,705.487,86.524,-0.4791,0,Normal
SSN2026000196,2026-03-23,3.0,53.794,709.095,87.065,0.4705,0,Normal
SSN2026000197,2026-03-15,3.0,59.186,709.801,84.562,0.0216,0,Normal
SSN2026000198,2026-01-30,6.0,56.496,695.936,87.02,-0.1488,0,Normal
SSN2026000199,2026-01-08,1.0,56.21,727.975,84.073,0.7418,0,Brightness
SSN2026000200,2026-01-28,4.0,56.563,715.177,85.901,0.037,0,Normal
SSN2026000201,2026-03-15,7.0,54.641,716.058,85.316,0.2648,0,Particle
SSN2026000202,2026-02-23,6.0,52.046,705.876,84.947,0.2542,0,Particle
SSN2026000203,2026-03-13,5.0,54.535,708.956,85.808,-0.1323,0,Particle
SSN2026000204,2026-02-19,4.0,53.938,743.254,86.587,-0.1653,0,Normal
SSN2026000205,2026-02-21,4.0,59.896,739.711,84.289,0.3225,0,Normal
SSN2026000206,2026-01-09,1.0,53.013,736.282,88.055,0.1818,0,Normal
SSN2026000207,2026-01-09,1.0,54.464,716.169,84.683,-0.1713,1,Flicker
SSN2026000208,2026-03-12,0.0,54.352,754.396,86.031,-0.4251,0,Normal
SSN2026000209,2026-01-21,4.0,57.301,694.968,87.529,0.5065,0,Scratch
SSN2026000210,2026-02-03,0.0,56.625,714.196,87.737,-0.0969,1,Flicker
SSN2026000211,2026-02-06,3.0,57.072,741.972,84.057,0.4109,0,Normal
SSN2026000212,2026-02-27,1.0,49.522,728.458,,0.1437,0,Normal
SSN2026000213,2026-03-27,1.0,49.643,692.015,86.26,0.7019,0,Brightness
SSN2026000214,2026-03-16,1.0,49.491,679.756,88.02,-0.0853,0,Normal
SSN2026000215,2026-02-28,9.0,56.791,710.71,85.309,-0.4037,1,Flicker
SSN2026000216,2026-03-18,6.0,56.348,688.766,85.864,0.2432,0,Normal
SSN2026000217,2026-02-18,1.0,56.822,762.475,85.304,0.1626,0,Normal
SSN2026000218,2026-01-18,4.0,54.544,731.472,82.457,0.1913,0,Normal
SSN2026000219,2026-02-17,2.0,53.782,695.961,84.016,-0.1076,0,Normal
SSN2026000220,2026-04-05,3.0,55.798,691.596,84.454,-0.2781,0,Normal
SSN2026000221,2026-03-18,,61.302,699.758,88.032,0.0554,1,Flicker
SSN2026000222,2026-02-02,12.0,58.198,692.795,86.666,0.1042,1,Flicker
SSN2026000223,2026-02-05,0.0,56.076,705.929,87.093,-0.0516,0,Normal
SSN2026000224,2026-03-25,7.0,55.683,729.928,83.773,0.2272,1,Flicker
SSN2026000225,2026-01-16,1.0,58.485,687.399,85.366,0.0643,0,Normal
SSN2026000226,2026-03-28,0.0,51.777,772.5,85.717,0.2577,0,Normal
SSN2026000227,2026-03-09,1.0,54.17,688.135,85.387,-0.3387,0,Normal
SSN2026000228,2026-03-21,2.0,54.627,687.135,86.311,0.3074,0,Normal
SSN2026000229,2026-01-31,3.0,51.452,753.541,85.513,-0.2321,0,Normal
SSN2026000230,2026-03-03,9.0,54.132,741.091,86.224,0.287,0,Particle
SSN2026000231,2026-01-31,1.0,52.123,711.99,85.012,0.0049,0,Normal
SSN2026000232,2026-01-09,4.0,56.502,706.529,87.779,0.7413,0,Brightness
SSN2026000233,2026-02-14,0.0,57.1,716.736,85.921,-0.0654,0,Normal
SSN2026000234,2026-04-05,1.0,59.26,704.388,86.454,-0.0114,0,Normal
SSN2026000235,2026-01-27,2.0,49.97,680.487,86.302,-0.2333,0,Normal
SSN2026000236,2026-01-21,1.0,61.068,650.02,85.742,-0.1581,0,Particle
SSN2026000237,2026-03-29,0.0,49.636,701.686,84.486,0.2205,0,Normal
SSN2026000238,2026-03-24,8.0,50.913,751.311,85.223,0.7571,0,Brightness
SSN2026000239,2026-03-22,11.0,53.931,749.557,84.789,0.2847,0,Particle
SSN2026000240,2026-04-03,,59.253,714.625,86.675,0.1752,0,Normal
SSN2026000241,2026-04-07,0.0,56.161,667.098,87.297,-0.0265,0,Normal
SSN2026000242,2026-03-30,3.0,54.419,717.1,86.528,-0.17,1,Flicker
SSN2026000243,2026-04-01,4.0,52.712,723.029,85.158,-0.1701,0,Normal
SSN2026000244,2026-03-15,0.0,51.838,724.503,85.673,-0.5161,0,Normal
SSN2026000245,2026-02-05,5.0,58.182,648.824,86.224,0.2364,0,Particle
SSN2026000246,2026-02-18,3.0,56.846,787.35,85.182,0.6733,0,Brightness
SSN2026000247,2026-02-11,3.0,58.163,737.361,88.31,0.617,0,Brightness
SSN2026000248,2026-02-18,2.0,55.934,704.033,85.74,0.294,0,Normal
SSN2026000249,2026-03-08,2.0,47.827,684.699,85.78,-0.2205,0,Normal
SSN2026000250,2026-01-23,0.0,50.063,730.623,,0.2293,0,Normal
SSN2026000251,2026-01-03,7.0,57.477,717.995,86.07,-0.3569,1,Particle
SSN2026000252,2026-03-02,5.0,53.666,705.169,86.368,-0.2464,0,Normal
SSN2026000253,2026-04-03,5.0,52.602,728.262,83.956,0.0436,0,Particle
SSN2026000254,2026-03-23,1.0,52.592,714.45,87.344,0.4947,1,Flicker
SSN2026000255,2026-01-04,6.0,57.764,726.985,86.346,0.1135,1,Flicker
SSN2026000257,2026-02-24,2.0,55.525,718.244,84.311,0.0014,0,Normal
SSN2026000258,2026-02-14,4.0,52.687,726.191,85.301,0.0441,1,Flicker
SSN2026000259,2026-03-09,4.0,55.061,743.688,86.384,-0.3516,0,Normal
SSN2026000260,2026-02-12,2.0,50.773,681.307,87.183,0.6296,0,Brightness
SSN2026000261,2026-03-26,4.0,55.845,686.032,85.366,0.1454,0,Normal
SSN2026000262,2026-03-28,0.0,49.781,715.534,85.514,-0.0833,0,Normal
SSN2026000263,2026-02-28,2.0,52.777,680.554,87.413,0.2164,1,Flicker
SSN2026000264,2026-02-14,7.0,54.055,709.543,84.008,-0.1268,0,Particle
SSN2026000265,2026-03-01,3.0,60.794,732.377,86.225,0.0726,0,Normal
SSN2026000266,2026-03-25,1.0,50.582,702.016,85.124,-0.1625,0,Normal
SSN2026000267,2026-02-01,1.0,51.449,657.828,86.188,0.6506,1,Brightness
SSN2026000268,2026-03-26,4.0,56.458,696.511,88.237,0.2318,0,Normal
SSN2026000269,2026-03-01,2.0,60.193,716.193,85.858,-0.3142,0,Normal
SSN2026000270,2026-01-11,2.0,55.537,724.16,85.689,-0.2164,0,Normal
SSN2026000271,2026-03-12,7.0,57.156,723.356,85.456,0.1661,0,Particle
SSN2026000272,2026-01-21,3.0,55.467,727.633,85.337,0.1115,0,Normal
SSN2026000273,2026-02-18,6.0,52.409,708.394,85.782,-0.0171,0,Normal
SSN2026000274,2026-04-02,1.0,54.965,682.382,87.819,0.0035,0,Normal
SSN2026000275,2026-03-14,3.0,52.64,702.307,84.959,0.3542,1,Flicker
SSN2026000276,2026-03-09,3.0,57.651,700.56,88.764,-0.4502,0,Normal
SSN2026000277,2026-01-08,4.0,50.75,701.879,83.529,0.3304,0,Normal
SSN2026000278,2026-03-22,1.0,57.405,718.104,83.247,0.1255,0,Normal
SSN2026000279,2026-02-03,1.0,55.056,725.279,84.418,0.2835,1,Flicker
SSN2026000281,2026-03-29,1.0,48.529,708.508,86.323,-0.3858,0,Normal
SSN2026000283,2026-02-03,3.0,57.306,719.701,85.917,-0.0518,0,Normal
SSN2026000284,2026-01-16,2.0,54.547,725.543,87.248,0.3762,0,Normal
SSN2026000285,2026-03-03,2.0,56.467,728.485,84.849,0.0872,0,Normal
SSN2026000286,2026-03-27,3.0,60.153,696.597,82.992,0.2078,1,Flicker
SSN2026000287,2026-02-17,2.0,55.614,663.045,86.448,0.4335,0,Normal
SSN2026000288,2026-03-27,2.0,52.114,697.44,86.038,-0.0052,1,Flicker
SSN2026000289,2026-04-02,2.0,55.07,734.469,87.187,0.1823,0,Normal
SSN2026000290,2026-03-26,5.0,56.391,699.574,86.969,0.2998,1,Flicker
SSN2026000291,2026-01-16,1.0,56.695,711.848,84.03,0.6067,0,Brightness
SSN2026000292,2026-01-22,5.0,54.099,683.815,88.546,0.5845,0,Brightness
SSN2026000293,2026-02-01,4.0,53.597,657.184,84.137,0.5937,0,Brightness
SSN2026000294,2026-03-01,3.0,57.201,742.319,86.786,-0.0665,0,Normal
SSN2026000295,2026-03-21,2.0,54.706,690.528,87.408,0.4006,0,Normal
SSN2026000296,2026-02-02,2.0,55.772,705.659,87.104,0.3662,0,Normal
SSN2026000297,2026-03-07,1.0,59.579,691.08,84.633,0.1768,0,Normal
SSN2026000298,2026-01-19,1.0,51.758,739.018,84.808,,0,Normal
SSN2026000299,2026-02-19,2.0,57.553,726.71,88.33,0.7593,0,
SSN2026000300,2026-03-19,2.0,51.541,683.746,87.59,0.0246,0,Normal
SSN2026000301,2026-02-08,2.0,55.535,738.963,88.773,0.4305,0,Normal
SSN2026000302,2026-01-16,3.0,57.355,695.005,89.538,0.1811,0,Normal
SSN2026000303,2026-02-14,4.0,52.52,697.454,83.892,-0.0365,0,Normal
SSN2026000305,2026-03-27,0.0,51.117,685.059,85.652,-0.0069,0,Normal
SSN2026000306,2026-03-02,3.0,54.417,678.608,84.83,0.3038,0,Normal
SSN2026000307,2026-03-08,5.0,57.188,724.149,86.519,0.5887,0,Brightness
SSN2026000308,2026-02-08,4.0,53.168,700.022,83.666,-0.4875,0,Normal
SSN2026000309,2026-03-31,3.0,54.611,728.68,85.623,-0.0882,0,Normal
SSN2026000310,2026-03-23,6.0,52.262,725.041,84.671,0.1456,0,Normal
SSN2026000311,2026-04-01,0.0,56.771,723.628,86.641,0.3077,0,Normal
SSN2026000312,2026-03-24,4.0,53.703,657.054,86.262,0.5771,1,Brightness
SSN2026000313,2026-02-20,2.0,55.003,686.934,85.166,0.1046,0,Normal
SSN2026000314,2026-03-30,5.0,54.566,721.828,85.888,0.1191,0,Particle
SSN2026000315,2026-03-02,1.0,52.389,686.057,86.005,0.0835,1,Flicker
SSN2026000316,2026-03-03,1.0,52.354,721.086,84.762,0.0444,0,Normal
SSN2026000317,2026-03-08,8.0,52.75,661.465,85.239,0.4799,0,Particle
SSN2026000318,2026-01-23,0.0,52.786,717.125,86.26,0.5873,0,Brightness
SSN2026000320,2026-02-05,2.0,55.047,732.788,85.702,-0.0951,1,Flicker
SSN2026000321,2026-03-07,2.0,50.824,651.914,83.681,-0.2193,1,Flicker
SSN2026000322,2026-03-22,1.0,53.954,726.695,,0.5498,0,Normal
SSN2026000323,2026-01-17,4.0,57.756,756.967,87.936,0.1016,0,Normal
SSN2026000324,2026-01-31,7.0,52.65,778.657,86.576,0.385,0,Particle
SSN2026000325,2026-03-31,3.0,59.21,726.776,83.626,-0.028,0,Normal
SSN2026000326,2026-02-08,4.0,53.2,678.141,87.806,0.5831,0,Brightness
SSN2026000327,2026-03-07,7.0,57.715,720.312,85.913,0.2599,0,Particle
SSN2026000328,2026-02-26,0.0,59.269,759.612,83.931,-0.3494,0,Normal
SSN2026000329,2026-03-21,3.0,56.119,704.678,86.012,-0.1128,0,Normal
SSN2026000330,2026-02-17,4.0,52.294,734.662,87.298,-0.2061,0,Normal
SSN2026000331,2026-02-12,5.0,54.553,696.322,85.94,0.2435,1,Flicker
SSN2026000332,2026-01-07,2.0,58.034,718.052,84.503,0.1288,0,Normal
SSN2026000333,2026-02-19,2.0,52.374,647.774,85.211,-0.0524,0,Normal
SSN2026000334,2026-02-25,,56.931,687.589,84.659,0.544,1,Flicker
SSN2026000335,2026-03-09,3.0,52.295,714.761,83.241,0.16,1,Flicker
SSN2026000336,2026-03-17,1.0,54.895,705.929,85.494,-0.0635,0,Normal
SSN2026000337,2026-03-13,3.0,50.447,682.937,86.324,0.1408,0,Particle
SSN2026000338,2026-02-13,0.0,54.446,697.595,86.382,-0.2385,0,Normal
SSN2026000339,2026-01-13,0.0,52.174,714.846,86.762,0.2875,0,Normal
SSN2026000340,2026-01-26,1.0,56.93,705.573,86.757,0.3632,0,Normal
SSN2026000341,2026-02-08,4.0,54.741,711.829,86.493,0.3241,0,Normal
SSN2026000342,2026-04-01,4.0,56.442,715.519,86.596,0.7036,0,Brightness
SSN2026000344,2026-03-23,1.0,52.539,757.316,87.832,-0.0313,0,Normal
SSN2026000345,2026-04-02,4.0,55.865,679.676,84.62,0.2029,1,Flicker
SSN2026000346,2026-01-19,0.0,53.328,756.058,86.978,0.6284,1,Brightness
SSN2026000347,2026-01-04,1.0,,742.507,84.051,0.076,0,Normal
SSN2026000348,2026-02-24,0.0,53.387,703.535,85.025,0.4942,1,Flicker
SSN2026000349,2026-01-28,2.0,54.931,700.719,86.561,,0,Normal
SSN2026000350,2026-03-25,9.0,55.002,717.695,84.941,0.2022,0,Particle
SSN2026000351,2026-02-14,0.0,54.268,722.364,85.807,0.4508,0,Normal
SSN2026000352,2026-01-07,1.0,51.398,727.998,84.278,0.4582,0,Normal
SSN2026000353,2026-01-27,0.0,53.016,679.202,88.149,0.1955,0,Normal
SSN2026000354,2026-02-04,2.0,55.943,727.341,84.127,-0.0877,1,Flicker
SSN2026000355,2026-01-10,4.0,54.554,654.536,86.863,0.1002,0,Normal
SSN2026000356,2026-02-01,4.0,52.57,705.118,86.59,-0.3436,0,Normal
SSN2026000357,2026-02-22,3.0,56.356,742.818,86.062,0.548,1,Flicker
SSN2026000358,2026-03-27,2.0,53.952,664.356,86.349,0.2803,0,Normal
SSN2026000359,2026-03-02,10.0,51.031,674.634,86.738,-0.2164,0,Particle
SSN2026000360,2026-01-10,7.0,53.402,721.056,85.335,-0.0598,1,Flicker
SSN2026000361,2026-02-14,3.0,58.473,743.172,86.118,0.1007,0,Normal
SSN2026000362,2026-03-12,3.0,50.759,720.622,84.688,0.4469,0,Normal
SSN2026000363,2026-02-04,0.0,53.286,663.598,86.907,0.1665,0,Normal
SSN2026000364,2026-02-21,0.0,55.12,673.157,84.629,0.4843,0,Normal
SSN2026000365,2026-04-03,1.0,60.184,705.905,86.74,-0.3114,0,Normal
SSN2026000366,2026-01-15,5.0,56.532,685.826,85.407,-0.0881,0,Normal
SSN2026000367,2026-02-14,4.0,52.593,707.933,85.8,-0.2287,0,Normal
SSN2026000368,2026-03-03,2.0,59.435,720.723,85.569,0.2711,0,Normal
SSN2026000369,2026-03-20,2.0,51.864,694.2,84.695,0.4035,0,Normal
SSN2026000370,2026-03-24,3.0,55.917,745.771,85.05,0.3725,0,Normal
SSN2026000371,2026-01-29,8.0,54.894,725.583,85.129,-0.1081,0,Particle
SSN2026000372,2026-02-13,0.0,53.256,740.488,84.626,0.3868,0,Normal
SSN2026000373,2026-03-23,0.0,56.739,734.925,84.894,0.1003,0,Normal
SSN2026000374,2026-03-21,1.0,54.937,703.903,83.871,0.0222,0,Normal
SSN2026000375,2026-03-23,2.0,57.799,708.724,85.069,-0.119,0,Normal
SSN2026000376,2026-03-04,3.0,49.833,705.907,85.333,0.0887,1,Flicker
SSN2026000377,2026-02-01,0.0,56.105,734.001,85.681,0.3148,0,Normal
SSN2026000378,2026-02-06,3.0,55.278,693.954,87.652,-0.2312,0,Normal
SSN2026000379,2026-03-07,2.0,59.202,748.422,87.714,-0.215,0,Normal
SSN2026000380,2026-01-24,6.0,56.395,686.953,84.532,0.0013,0,Particle
SSN2026000381,2026-03-09,0.0,57.742,707.655,86.248,0.6174,1,Brightness
SSN2026000382,2026-02-20,3.0,56.157,708.197,85.092,0.4587,0,Normal
SSN2026000383,2026-02-16,3.0,54.249,701.518,85.281,0.1656,0,Normal
SSN2026000384,2026-02-03,0.0,56.387,758.248,84.469,-0.0984,0,Normal
SSN2026000385,2026-03-13,2.0,55.591,701.75,84.114,0.2116,0,Normal
SSN2026000386,2026-02-16,3.0,57.12,699.382,87.19,0.0086,0,Normal
SSN2026000387,2026-02-03,1.0,48.776,701.589,83.909,-0.0749,0,Normal
SSN2026000388,2026-02-11,4.0,53.111,719.182,84.996,0.4443,1,Flicker
SSN2026000389,2026-02-14,2.0,58.811,694.74,87.675,-0.096,1,Flicker
SSN2026000390,2026-02-26,0.0,51.037,691.473,86.514,-0.3217,0,Normal
SSN2026000391,2026-04-03,4.0,56.454,706.142,84.208,-0.1846,0,Normal
SSN2026000393,2026-01-20,3.0,53.234,732.981,86.271,-0.0435,0,Normal
SSN2026000394,2026-04-03,2.0,48.917,709.599,86.041,0.1052,0,Normal
SSN2026000395,2026-01-21,4.0,52.274,713.058,84.334,0.182,0,Normal
SSN2026000396,2026-03-24,2.0,60.189,699.037,86.549,0.2598,0,Normal
SSN2026000397,2026-01-16,8.0,52.839,692.905,86.996,-0.0103,0,Particle
SSN2026000398,2026-02-05,2.0,52.896,680.588,87.396,0.0344,0,Normal
SSN2026000399,2026-04-04,0.0,52.602,681.05,86.616,0.5213,0,Normal
SSN2026000400,2026-01-18,6.0,58.363,693.525,85.849,-0.1244,1,Flicker
SSN2026000401,2026-01-20,8.0,54.576,746.875,85.901,-0.2259,0,Particle
SSN2026000402,2026-03-02,8.0,54.057,702.755,84.569,-0.1493,0,Particle
SSN2026000403,2026-01-23,17.0,59.125,704.67,87.031,0.1783,0,Normal
SSN2026000404,2026-01-08,4.0,55.785,,86.258,-0.1784,0,Normal
SSN2026000405,2026-03-05,2.0,51.697,739.406,85.675,0.3128,1,Flicker
SSN2026000406,2026-04-04,2.0,51.427,687.171,87.661,0.4098,0,Normal
SSN2026000407,2026-03-14,0.0,58.6,713.546,85.491,0.0502,1,Flicker
SSN2026000408,2026-03-30,8.0,56.735,702.862,86.269,0.2637,0,Particle
SSN2026000410,2026-03-01,0.0,48.81,719.919,84.644,-0.0629,0,Normal
SSN2026000411,2026-04-06,3.0,53.36,705.902,85.056,0.3971,0,Normal
SSN2026000412,2026-02-20,2.0,52.075,728.25,86.069,-0.0242,0,Normal
SSN2026000413,2026-01-11,1.0,48.836,709.19,86.788,0.5079,1,Flicker
SSN2026000414,2026-01-29,2.0,49.691,748.57,85.915,0.2636,0,Normal
SSN2026000415,2026-02-27,3.0,51.698,709.523,85.925,-0.2073,0,Normal
SSN2026000416,2026-03-22,2.0,51.733,672.76,85.391,-0.152,0,Normal
SSN2026000417,2026-02-26,0.0,59.033,709.723,85.257,-0.4312,0,Normal
SSN2026000418,2026-02-08,0.0,54.583,719.771,86.892,0.411,0,Normal
SSN2026000419,2026-02-03,4.0,53.771,726.458,83.741,-0.0164,0,Normal
SSN2026000420,2026-03-10,6.0,56.194,689.946,87.35,-0.206,0,Particle
SSN2026000421,2026-03-26,1.0,56.045,660.089,86.989,0.3158,1,Flicker
SSN2026000422,2026-02-01,4.0,56.226,667.247,85.427,0.2596,0,Normal
SSN2026000423,2026-02-25,2.0,55.591,746.348,83.234,0.2215,0,Normal
SSN2026000424,2026-02-10,1.0,54.891,696.95,87.418,-0.3047,0,Normal
SSN2026000425,2026-01-29,3.0,62.639,740.161,88.579,-0.2355,0,Normal
SSN2026000426,2026-02-10,2.0,57.753,663.792,85.956,-0.0164,0,Normal
SSN2026000427,2026-01-09,6.0,51.851,681.135,86.865,,0,Normal
SSN2026000428,2026-02-23,3.0,54.951,725.58,85.881,0.1162,0,Normal
SSN2026000429,2026-01-17,3.0,52.047,,85.786,-0.2628,0,Normal
SSN2026000430,2026-02-14,4.0,56.233,719.798,84.47,-0.2324,0,Normal
SSN2026000431,2026-03-24,5.0,52.77,713.448,86.232,-0.3445,0,Particle
SSN2026000432,2026-01-20,6.0,52.293,701.066,86.369,,0,Particle
SSN2026000434,2026-03-08,0.0,58.534,686.998,86.84,0.1532,0,Normal
SSN2026000435,2026-03-27,1.0,56.386,740.638,87.852,-0.1588,0,Normal
SSN2026000436,2026-04-02,1.0,55.669,746.374,84.394,0.445,0,Normal
SSN2026000437,2026-01-17,5.0,56.872,688.203,82.211,0.3259,0,Normal
SSN2026000438,2026-01-23,3.0,55.671,679.253,87.23,0.4642,0,Normal
SSN2026000439,2026-04-01,1.0,52.438,696.824,84.694,0.4566,0,Normal
SSN2026000440,2026-02-22,0.0,54.79,724.504,85.457,0.3146,0,Normal
SSN2026000441,2026-03-21,5.0,57.814,713.654,86.133,0.613,0,Brightness
SSN2026000442,2026-01-08,1.0,53.971,713.607,86.453,0.4685,0,Normal
SSN2026000443,2026-01-12,4.0,56.597,716.634,84.004,0.2728,0,Normal
SSN2026000444,2026-01-20,0.0,58.084,715.906,85.055,-0.1293,0,Normal
SSN2026000445,2026-01-14,7.0,55.942,761.989,84.976,0.0209,0,Particle
SSN2026000446,2026-03-25,0.0,55.751,694.538,84.545,0.2346,0,Normal
SSN2026000447,2026-03-21,0.0,56.26,746.261,86.475,-0.0263,0,
SSN2026000448,2026-02-09,1.0,55.772,754.266,87.071,0.1312,0,Normal
SSN2026000449,2026-01-14,2.0,52.807,729.802,86.401,0.2039,0,Normal
SSN2026000450,2026-01-14,8.0,55.2,654.978,87.053,0.1754,0,Particle
SSN2026000451,2026-01-29,0.0,54.865,701.248,86.025,-0.0126,0,Normal
SSN2026000452,2026-03-12,3.0,58.592,701.622,86.134,0.2061,0,Normal
SSN2026000453,2026-03-15,5.0,58.183,710.342,88.889,-0.27,0,Particle
SSN2026000454,2026-02-24,2.0,54.48,691.83,85.313,0.3881,1,Flicker
SSN2026000455,2026-03-30,1.0,57.923,722.393,85.578,0.2747,0,Normal
SSN2026000456,2026-03-28,7.0,53.55,735.187,86.994,-0.0847,0,Particle
SSN2026000457,2026-03-14,3.0,58.832,733.168,85.169,0.23,0,Normal
SSN2026000458,2026-01-13,1.0,53.885,705.525,84.536,-0.1466,0,Normal
SSN2026000459,2026-03-27,2.0,56.307,683.131,86.212,0.3262,0,Normal
SSN2026000460,2026-03-26,0.0,53.474,732.969,85.506,-0.332,0,Normal
SSN2026000461,2026-02-22,3.0,56.587,751.487,87.349,0.1251,0,Normal
SSN2026000462,2026-03-02,6.0,,705.86,87.379,0.4707,0,Particle
SSN2026000463,2026-03-18,1.0,55.15,722.304,85.323,-0.4175,0,Normal
SSN2026000464,2026-02-28,4.0,56.553,704.465,85.617,0.0486,0,Normal
SSN2026000465,2026-02-03,3.0,57.675,691.49,86.039,0.5402,0,Normal
SSN2026000466,2026-03-07,2.0,53.677,736.83,86.874,-0.2436,0,Normal
SSN2026000467,2026-03-15,2.0,54.753,715.073,86.644,0.2533,0,Normal
SSN2026000469,2026-03-04,2.0,53.809,723.118,87.713,0.7966,0,Scratch
SSN2026000470,2026-01-21,0.0,58.413,734.215,84.94,-0.2391,1,Flicker
SSN2026000471,2026-02-26,2.0,58.319,731.628,86.192,0.0456,0,Normal
SSN2026000472,2026-01-12,6.0,57.416,688.041,85.044,0.3967,0,Normal
SSN2026000473,2026-04-02,1.0,56.152,692.677,83.934,0.4085,0,Normal
SSN2026000474,2026-03-04,6.0,53.566,698.579,85.964,-0.0838,1,Flicker
SSN2026000475,2026-02-19,25.0,54.73,716.595,85.525,-0.3313,0,Scratch
SSN2026000476,2026-02-22,7.0,55.451,706.212,83.945,0.3984,0,Normal
SSN2026000477,2026-03-03,4.0,53.863,725.27,86.865,-0.0238,0,Normal
SSN2026000478,2026-01-17,2.0,56.876,736.103,83.866,-0.0194,0,Normal
SSN2026000479,2026-02-22,1.0,55.839,740.263,86.93,-0.0067,0,Normal
SSN2026000480,2026-03-12,0.0,52.161,738.462,85.743,0.2567,0,Normal
SSN2026000481,2026-01-27,1.0,59.63,677.06,85.124,0.0929,1,Flicker
SSN2026000482,2026-02-16,3.0,57.236,680.126,87.515,0.1839,1,Flicker
SSN2026000483,2026-02-04,0.0,52.735,711.991,83.958,0.124,0,Normal
SSN2026000484,2026-01-18,1.0,52.115,709.921,83.369,0.5319,1,Flicker
SSN2026000485,2026-04-03,3.0,58.442,705.822,85.691,0.6447,0,Brightness
SSN2026000486,2026-03-02,3.0,62.24,705.082,85.579,0.0952,0,Normal
SSN2026000487,2026-02-12,2.0,58.029,702.487,87.639,0.378,0,Normal
SSN2026000488,2026-02-05,1.0,58.126,723.654,85.943,0.0406,0,Normal
SSN2026000489,2026-03-06,0.0,58.226,685.91,83.405,0.5192,0,Normal
SSN2026000490,2026-01-14,2.0,55.708,780.89,85.667,-0.1026,0,Normal
SSN2026000491,2026-02-24,2.0,57.267,709.351,86.634,0.2863,1,Flicker
SSN2026000492,2026-01-24,3.0,55.213,735.659,85.09,0.6017,0,Brightness
SSN2026000493,2026-03-25,6.0,55.826,710.238,84.163,0.0512,1,Flicker
SSN2026000495,2026-03-14,1.0,57.001,703.822,84.006,-0.0175,0,Normal
SSN2026000496,2026-01-19,3.0,58.963,728.13,85.181,-0.4476,0,Normal
SSN2026000497,2026-01-15,1.0,52.646,710.246,85.306,-0.1462,0,Normal
SSN2026000498,2026-02-15,0.0,54.344,745.074,86.049,-0.4546,1,Flicker
SSN2026000499,2026-02-03,0.0,,685.751,84.881,0.1902,1,Flicker
SSN2026000500,2026-03-09,1.0,52.988,747.117,85.588,0.3607,0,Normal
SSN2026000501,2026-03-11,6.0,52.366,707.525,85.383,-0.2245,0,Particle
SSN2026000502,2026-02-12,0.0,58.417,678.946,86.05,0.1015,0,Normal
SSN2026000503,2026-01-18,0.0,54.251,756.196,85.787,0.6192,0,Brightness
SSN2026000504,2026-01-31,5.0,55.984,752.31,85.771,0.308,0,Normal
SSN2026000506,2026-01-25,1.0,57.199,710.672,86.396,0.6195,0,Brightness
SSN2026000507,2026-02-05,5.0,56.02,733.29,85.949,-0.002,0,Particle
SSN2026000508,2026-01-28,4.0,54.376,728.654,85.677,0.3655,1,Flicker
SSN2026000509,2026-01-12,3.0,52.616,752.73,85.254,0.2348,0,Normal
SSN2026000510,2026-02-27,2.0,52.355,742.523,87.259,0.1098,1,Flicker
SSN2026000511,2026-04-07,3.0,56.767,713.588,87.822,-0.1637,0,Normal
SSN2026000512,2026-03-30,1.0,56.259,774.451,85.269,0.1963,0,Normal
SSN2026000513,2026-03-28,5.0,56.163,731.696,84.705,0.7802,1,Brightness
SSN2026000514,2026-03-08,0.0,56.969,706.051,87.134,-0.0788,0,Normal
SSN2026000515,2026-03-15,5.0,56.275,693.416,85.845,0.0368,0,Particle
SSN2026000516,2026-01-09,2.0,54.046,727.361,85.084,0.2651,0,
SSN2026000517,2026-01-24,4.0,56.006,690.692,84.468,0.3501,0,Normal
SSN2026000518,2026-03-08,0.0,52.418,695.33,88.202,-0.1808,0,Normal
SSN2026000519,2026-04-04,2.0,62.041,700.048,88.136,0.1443,1,Flicker
SSN2026000520,2026-03-24,,54.342,710.547,87.557,0.4149,0,Normal
SSN2026000521,2026-02-27,0.0,55.371,708.876,85.505,-0.0721,1,Flicker
SSN2026000522,2026-01-17,0.0,54.781,679.658,87.847,-0.157,0,Normal
SSN2026000523,2026-03-29,3.0,53.017,736.372,85.483,-0.0534,0,Normal
SSN2026000524,2026-02-01,2.0,62.663,700.906,83.881,0.0406,0,Normal
SSN2026000525,2026-01-06,5.0,54.411,755.432,84.945,0.562,0,Brightness
SSN2026000526,2026-03-12,2.0,54.302,712.869,86.836,0.2839,0,Normal
SSN2026000527,2026-01-22,1.0,54.07,749.575,85.138,-0.1374,0,Normal
SSN2026000528,2026-01-30,2.0,51.665,731.541,86.317,0.2272,0,Normal
SSN2026000529,2026-03-08,2.0,59.555,733.694,87.387,,0,Normal
SSN2026000530,2026-04-01,,57.001,736.653,84.972,-0.3056,1,Flicker
SSN2026000531,2026-03-28,6.0,55.838,717.248,85.023,0.5153,0,Particle
SSN2026000532,2026-01-20,9.0,51.987,732.713,83.976,0.1395,0,Particle
SSN2026000533,2026-01-18,7.0,54.447,759.207,86.173,0.0395,0,Normal
SSN2026000534,2026-03-18,0.0,57.89,699.999,85.915,-0.3257,1,Flicker
SSN2026000535,2026-02-04,1.0,66.656,725.553,88.099,-0.0853,0,Normal
SSN2026000536,2026-01-10,0.0,58.641,706.2,87.975,-0.1543,1,Flicker
SSN2026000537,2026-02-23,1.0,58.441,715.376,86.257,0.4987,0,Normal
SSN2026000538,2026-03-04,2.0,,705.785,86.171,0.308,0,Normal
SSN2026000539,2026-04-07,1.0,53.332,651.497,86.311,0.4631,0,Particle
SSN2026000540,2026-02-16,3.0,56.608,698.048,86.426,0.6435,0,Brightness
SSN2026000541,2026-03-16,3.0,51.427,739.238,85.181,-0.0444,0,Normal
SSN2026000542,2026-02-19,3.0,53.083,702.542,86.2,0.4266,0,Normal
SSN2026000543,2026-03-31,9.0,49.878,746.025,84.602,0.1738,0,Particle
SSN2026000544,2026-02-16,1.0,57.534,719.342,85.428,0.0289,0,Normal
SSN2026000545,2026-03-04,1.0,52.89,701.497,86.69,0.3628,0,Normal
SSN2026000546,2026-03-29,1.0,55.55,728.486,84.527,-0.0439,1,Flicker
SSN2026000547,2026-03-23,7.0,55.053,735.086,84.072,-0.1914,0,Scratch
SSN2026000548,2026-02-08,3.0,51.342,718.114,85.295,0.39,1,Flicker
SSN2026000549,2026-02-19,1.0,54.669,736.696,85.866,-0.1108,1,Flicker
SSN2026000550,2026-02-26,6.0,54.336,728.25,84.608,0.3706,0,Particle
SSN2026000551,2026-01-16,1.0,50.282,667.992,86.532,-0.0804,0,
SSN2026000552,2026-01-25,1.0,51.827,718.129,84.669,0.6295,0,Brightness
SSN2026000553,2026-03-06,1.0,53.512,657.697,86.951,-0.4201,1,Flicker
SSN2026000554,2026-01-13,4.0,57.926,729.215,86.335,-0.2711,0,Normal
SSN2026000555,2026-02-28,10.0,57.945,730.686,86.075,-0.0774,0,Particle
SSN2026000556,2026-02-15,2.0,50.219,731.977,83.578,0.3781,0,Normal
SSN2026000557,2026-02-14,1.0,54.717,724.693,88.014,-0.0888,0,Normal
SSN2026000558,2026-03-25,0.0,61.069,739.769,86.258,0.5379,0,Normal
SSN2026000559,2026-02-01,3.0,51.413,685.844,84.776,-0.3394,1,Flicker
SSN2026000560,2026-03-15,5.0,56.831,709.635,86.165,0.0375,0,Particle
SSN2026000561,2026-03-15,0.0,55.287,662.82,85.784,0.0093,1,Flicker
SSN2026000562,2026-04-05,6.0,56.765,703.108,86.31,0.0709,0,Normal
SSN2026000563,2026-03-19,1.0,55.881,,89.621,0.232,0,Normal
SSN2026000564,2026-02-21,3.0,53.757,735.672,86.358,-0.1179,0,Normal
SSN2026000565,2026-02-07,1.0,56.589,728.861,85.428,0.164,0,Normal
SSN2026000566,2026-03-14,5.0,55.797,705.187,84.353,0.2454,0,Particle
SSN2026000567,2026-03-31,1.0,53.347,688.497,85.124,0.1791,0,Normal
SSN2026000568,2026-02-02,2.0,,722.999,84.037,0.0727,0,Normal
SSN2026000569,2026-02-04,5.0,58.079,746.721,84.522,0.3625,0,Normal
SSN2026000570,2026-02-20,5.0,58.825,709.633,85.959,0.4124,1,Flicker
SSN2026000571,2026-01-15,4.0,50.318,671.03,83.514,0.2769,0,Normal
SSN2026000572,2026-02-05,3.0,52.872,702.135,85.71,0.2125,0,Normal
SSN2026000573,2026-01-22,6.0,53.726,673.323,86.224,0.2702,0,Normal
SSN2026000574,2026-03-12,4.0,51.382,734.999,86.909,-0.0429,0,Normal
SSN2026000575,2026-02-18,3.0,51.364,685.073,84.109,0.3354,0,Normal
SSN2026000576,2026-02-25,5.0,51.247,680.62,85.666,-0.0773,0,Normal
SSN2026000577,2026-01-09,3.0,51.991,731.325,83.798,0.5369,0,Normal
SSN2026000578,2026-02-28,7.0,50.614,716.277,86.23,0.3642,0,Particle
SSN2026000579,2026-03-08,4.0,57.712,723.72,85.962,0.3677,0,Normal
SSN2026000580,2026-03-05,0.0,56.906,765.951,87.834,0.5669,0,Brightness
SSN2026000581,2026-03-20,2.0,57.768,728.236,84.395,0.3978,0,Normal
SSN2026000582,2026-01-14,2.0,55.441,692.929,86.527,0.214,0,Normal
SSN2026000583,2026-02-20,2.0,51.012,719.742,84.862,-0.2687,0,Normal
SSN2026000584,2026-02-15,3.0,58.325,703.853,85.195,-0.1423,0,Normal
SSN2026000585,2026-03-23,5.0,55.667,735.586,87.064,-0.2154,0,Normal
SSN2026000586,2026-03-09,0.0,57.429,719.743,85.576,-0.2494,0,Normal
SSN2026000587,2026-04-03,3.0,61.168,724.491,,0.8239,0,Brightness
SSN2026000588,2026-01-06,4.0,52.667,663.927,86.601,0.7103,0,Brightness
SSN2026000589,2026-02-17,4.0,47.131,703.614,88.161,0.258,0,Normal
SSN2026000590,2026-03-08,10.0,51.772,710.352,85.053,-0.2619,0,Particle
SSN2026000591,2026-01-13,0.0,54.923,693.724,85.786,0.3664,0,Normal
SSN2026000592,2026-03-02,5.0,55.657,710.388,87.396,-0.1368,0,Particle
SSN2026000593,2026-01-22,2.0,52.305,719.433,84.763,1.0654,0,Brightness
SSN2026000594,2026-01-09,7.0,51.758,711.452,86.394,0.2785,1,Flicker
SSN2026000595,2026-03-06,5.0,54.684,673.453,87.027,0.3027,0,Particle
SSN2026000596,2026-02-09,5.0,53.484,709.837,86.492,-0.0893,0,Particle
SSN2026000597,2026-02-12,1.0,56.636,703.334,85.26,0.1868,0,Scratch
SSN2026000598,2026-02-06,5.0,52.605,723.002,84.979,-0.1597,1,Flicker
SSN2026000599,2026-03-06,5.0,53.923,701.137,87.427,0.0847,0,Normal
SSN2026000600,2026-02-27,4.0,54.139,691.929,86.934,0.0346,0,Normal
SSN2026000601,2026-03-04,3.0,56.211,700.587,87.571,-0.1089,0,Normal
SSN2026000602,2026-03-15,1.0,54.721,711.12,87.691,0.084,0,Particle
SSN2026000603,2026-03-03,0.0,54.8,744.423,87.483,-0.0091,0,Normal
SSN2026000604,2026-01-10,4.0,56.027,707.753,85.124,0.2657,0,Normal
SSN2026000605,2026-01-21,3.0,55.483,744.44,85.384,-0.2273,0,Normal
SSN2026000606,2026-04-03,1.0,51.805,736.147,87.178,0.4072,0,Normal
SSN2026000607,2026-01-30,6.0,53.506,747.524,85.076,-0.022,0,Scratch
SSN2026000608,2026-02-12,3.0,56.412,753.852,86.843,-0.1308,0,Normal
SSN2026000609,2026-02-11,1.0,61.307,753.945,84.428,-0.1409,1,Flicker
SSN2026000610,2026-04-04,0.0,50.933,674.544,85.093,0.4376,0,Normal
SSN2026000611,2026-03-21,2.0,54.791,729.566,,-0.4984,1,Flicker
SSN2026000612,2026-02-19,1.0,55.484,748.515,85.783,0.2385,0,Normal
SSN2026000613,2026-03-10,3.0,55.207,746.193,86.244,-0.0694,0,Normal
SSN2026000614,2026-02-26,17.0,58.509,680.613,85.41,0.7631,0,Brightness
SSN2026000615,2026-03-01,0.0,51.11,723.627,85.838,0.0774,0,Normal
SSN2026000616,2026-03-28,2.0,51.41,715.45,84.2,0.0731,0,Normal
SSN2026000617,2026-03-06,3.0,57.22,759.896,86.013,0.5518,0,Brightness
SSN2026000618,2026-01-14,7.0,58.374,670.101,83.471,-0.1747,1,Flicker
SSN2026000619,2026-02-20,8.0,55.41,690.139,85.039,0.0352,0,Particle
SSN2026000620,2026-03-19,2.0,53.611,670.859,86.094,0.583,0,Brightness
SSN2026000621,2026-01-07,4.0,,722.886,86.75,-0.3019,1,Flicker
SSN2026000622,2026-02-03,15.0,55.173,760.435,89.658,0.011,0,Particle
SSN2026000623,2026-01-22,2.0,55.554,714.792,86.321,-0.0255,1,Flicker
SSN2026000624,2026-03-10,0.0,53.261,712.387,87.969,-0.1723,0,Normal
SSN2026000625,2026-01-18,1.0,56.752,729.972,87.124,0.3791,1,Flicker
SSN2026000626,2026-02-28,2.0,55.96,709.642,84.682,0.2853,0,Normal
SSN2026000627,2026-01-11,1.0,56.036,724.242,85.928,0.2568,0,Normal
SSN2026000628,2026-03-30,2.0,51.712,715.807,84.631,-0.2736,0,Normal
SSN2026000629,2026-01-31,2.0,54.794,693.425,84.811,0.4383,0,Normal
SSN2026000630,2026-02-13,7.0,50.35,705.905,83.555,0.2485,1,Flicker
SSN2026000631,2026-03-16,1.0,52.79,733.093,85.723,-0.0986,0,Normal
SSN2026000632,2026-02-06,3.0,55.029,726.277,86.503,0.473,0,Normal
SSN2026000633,2026-01-16,1.0,55.815,742.124,85.234,0.1751,1,Flicker
SSN2026000634,2026-03-25,0.0,60.041,712.348,87.106,0.3041,1,Flicker
SSN2026000635,2026-01-16,2.0,57.793,716.086,85.64,0.0741,0,Normal
SSN2026000636,2026-02-19,0.0,58.511,729.158,88.021,-0.0609,0,Normal
SSN2026000637,2026-01-16,5.0,56.427,699.16,85.494,0.2184,1,Flicker
SSN2026000638,2026-03-06,1.0,56.935,701.511,85.073,0.2458,0,Normal
SSN2026000639,2026-01-27,2.0,60.353,699.141,85.168,-0.1354,0,Normal
SSN2026000640,2026-03-27,3.0,54.519,672.792,85.947,-0.2305,0,Normal
SSN2026000641,2026-01-20,1.0,51.959,716.032,85.992,0.1622,0,Normal
SSN2026000642,2026-03-09,6.0,58.949,732.797,84.574,-0.4286,0,Normal
SSN2026000643,2026-01-08,1.0,54.682,702.259,85.723,-0.1518,0,Normal
SSN2026000644,2026-01-15,8.0,55.894,731.245,85.211,0.258,0,Particle
SSN2026000645,2026-01-31,0.0,53.653,686.673,87.176,-0.317,0,Normal
SSN2026000646,2026-03-26,2.0,53.652,694.055,87.208,-0.0906,1,Flicker
SSN2026000647,2026-04-05,3.0,58.124,765.061,86.715,0.105,0,Normal
SSN2026000648,2026-03-03,3.0,52.405,676.163,85.986,0.4513,1,Flicker
SSN2026000649,2026-02-04,3.0,55.843,676.098,85.258,-0.3347,1,Flicker
SSN2026000650,2026-02-02,2.0,55.432,704.517,85.036,0.2928,0,Normal
SSN2026000651,2026-01-21,2.0,50.625,713.64,86.818,0.3491,0,Normal
SSN2026000652,2026-02-05,6.0,54.576,725.145,86.444,0.2229,0,Particle
SSN2026000653,2026-02-18,3.0,54.514,758.281,84.907,0.5384,0,Normal
SSN2026000654,2026-03-05,1.0,55.005,680.044,86.769,-0.1091,0,Normal
SSN2026000655,2026-01-25,0.0,54.81,687.078,87.518,-0.2361,0,Normal
SSN2026000656,2026-01-10,3.0,52.574,,87.489,0.1428,0,Normal
SSN2026000657,2026-02-24,1.0,50.859,735.023,86.446,0.4581,0,Normal
SSN2026000658,2026-01-26,2.0,59.57,719.558,84.363,0.5002,0,Normal
SSN2026000659,2026-02-08,4.0,56.603,688.186,86.172,-0.1561,0,Normal
SSN2026000660,2026-03-12,6.0,57.245,740.172,86.358,0.0775,1,Flicker
SSN2026000661,2026-03-23,5.0,,723.473,84.736,0.5153,0,Particle
SSN2026000662,2026-02-24,0.0,53.123,712.259,86.139,-0.076,0,Normal
SSN2026000663,2026-04-01,5.0,59.485,691.221,86.845,0.3475,1,Flicker
SSN2026000664,2026-01-27,1.0,48.803,720.776,84.449,-0.0089,0,Normal
SSN2026000665,2026-03-10,3.0,54.574,738.404,86.268,0.0374,0,Normal
SSN2026000666,2026-04-04,0.0,53.409,679.476,87.087,0.2877,0,Normal
SSN2026000667,2026-01-27,0.0,54.279,700.339,85.078,0.1211,1,Flicker
SSN2026000668,2026-03-11,0.0,53.577,698.834,85.344,0.1032,1,Flicker
SSN2026000669,2026-02-17,0.0,53.685,696.57,86.651,0.5204,0,Normal
SSN2026000670,2026-03-22,1.0,53.496,706.476,83.708,0.0393,0,Normal
SSN2026000671,2026-02-03,0.0,49.167,733.711,86.163,-0.2458,0,Normal
SSN2026000672,2026-04-03,2.0,53.704,718.378,85.261,0.1667,0,Normal
SSN2026000673,2026-03-15,0.0,56.727,708.53,85.745,-0.0979,0,Normal
SSN2026000674,2026-03-06,1.0,51.479,718.498,86.095,-0.0005,1,Flicker
SSN2026000675,2026-01-04,2.0,58.927,719.976,86.135,0.0535,0,Normal
SSN2026000676,2026-01-14,1.0,52.929,676.961,85.834,-0.0297,0,Normal
SSN2026000677,2026-03-06,0.0,56.781,728.57,86.106,0.5979,0,Brightness
SSN2026000678,2026-02-16,2.0,55.371,679.857,86.732,0.0745,0,Normal
SSN2026000679,2026-02-03,11.0,55.483,695.388,86.327,-0.0461,0,Normal
SSN2026000680,2026-03-21,6.0,58.662,718.45,86.46,0.1318,0,Particle
SSN2026000681,2026-02-14,5.0,60.728,,88.062,0.445,0,Particle
SSN2026000682,2026-02-15,2.0,54.765,722.863,84.543,0.2872,0,Normal
SSN2026000683,2026-02-04,2.0,58.361,710.897,84.848,0.2192,0,Normal
SSN2026000684,2026-04-04,1.0,57.533,694.602,85.701,-0.0635,0,Normal
SSN2026000685,2026-02-04,6.0,57.376,746.178,85.244,-0.2659,0,Particle
SSN2026000686,2026-01-31,0.0,60.602,724.499,87.33,0.2865,0,Normal
SSN2026000687,2026-03-03,1.0,57.272,724.615,86.859,,1,Flicker
SSN2026000688,2026-01-11,1.0,54.798,725.958,86.202,0.1384,0,Normal
SSN2026000689,2026-03-02,5.0,56.906,686.95,88.473,-0.114,0,Particle
SSN2026000690,2026-02-26,6.0,51.508,767.459,,-0.1079,0,Particle
SSN2026000691,2026-01-26,0.0,55.621,680.822,88.676,0.1113,0,Normal
SSN2026000692,2026-03-13,3.0,50.37,707.184,85.316,0.4359,0,Normal
SSN2026000693,2026-01-07,1.0,,684.538,86.262,0.5628,0,Brightness
SSN2026000694,2026-04-03,2.0,55.386,694.302,84.53,-0.1437,1,Flicker
SSN2026000695,2026-03-20,0.0,54.49,696.737,88.933,0.267,0,Normal
SSN2026000696,2026-01-21,4.0,53.985,691.979,86.06,-0.0725,0,Normal
SSN2026000697,2026-02-21,5.0,56.682,729.51,86.764,-0.4393,0,Normal
SSN2026000698,2026-01-24,3.0,55.806,690.585,83.703,0.2868,0,Normal
SSN2026000699,2026-03-04,1.0,53.677,735.926,86.817,0.3655,0,Normal
SSN2026000700,2026-02-05,0.0,56.233,735.573,85.29,0.0965,0,Normal
SSN2026000701,2026-02-15,1.0,53.976,706.928,86.764,0.1765,0,Normal
SSN2026000702,2026-03-29,1.0,57.497,730.038,86.259,0.8921,0,Brightness
SSN2026000703,2026-03-01,3.0,51.156,712.61,85.045,-0.2261,0,Normal
SSN2026000704,2026-03-21,3.0,55.386,684.435,86.636,0.1847,0,Normal
SSN2026000705,2026-03-03,2.0,58.069,680.375,87.591,0.248,0,Normal
SSN2026000706,2026-02-18,6.0,57.831,734.779,85.089,-0.1651,1,Flicker
SSN2026000707,2026-01-03,2.0,53.589,717.598,84.489,0.2838,0,Normal
SSN2026000708,2026-01-13,5.0,53.355,718.44,84.049,0.3019,0,Particle
SSN2026000709,2026-02-21,0.0,50.813,702.174,87.106,0.0191,1,Flicker
SSN2026000710,2026-02-18,3.0,53.497,717.201,85.594,-0.544,0,Normal
SSN2026000711,2026-02-17,3.0,51.03,700.544,85.496,0.363,0,Normal
SSN2026000712,2026-03-23,1.0,52.833,676.018,87.263,-0.3337,0,Normal
SSN2026000713,2026-01-11,0.0,56.241,710.681,85.525,0.2695,0,Normal
SSN2026000714,2026-03-02,5.0,54.184,727.649,86.321,0.2518,0,Normal
SSN2026000715,2026-03-14,0.0,55.02,706.372,,0.6416,0,Brightness
SSN2026000716,2026-03-01,1.0,52.74,756.157,86.781,0.3132,0,Normal
SSN2026000717,2026-01-25,0.0,57.706,687.638,85.044,0.366,0,Normal
SSN2026000718,2026-02-07,7.0,54.289,686.974,85.156,0.0861,0,Particle
SSN2026000719,2026-01-09,0.0,53.578,706.788,87.199,0.3887,0,Normal
SSN2026000720,2026-01-18,1.0,53.622,719.032,88.649,-0.0503,0,Normal
SSN2026000721,2026-03-16,3.0,53.494,654.63,88.007,-0.1499,0,Normal
SSN2026000722,2026-02-28,1.0,54.993,717.383,84.74,0.1184,0,Normal
SSN2026000723,2026-03-23,3.0,55.119,,86.708,-0.5067,0,Normal
SSN2026000724,2026-03-10,3.0,57.126,648.842,86.769,-0.014,1,Flicker
SSN2026000725,2026-01-29,14.0,58.047,716.224,85.692,0.0199,0,Particle
SSN2026000726,2026-03-20,5.0,59.225,700.136,86.482,-0.3708,0,Particle
SSN2026000727,2026-03-07,0.0,51.468,707.535,86.183,-0.487,0,Normal
SSN2026000728,2026-01-23,2.0,56.899,679.703,82.804,0.0617,0,Normal
SSN2026000729,2026-01-05,2.0,56.05,724.093,89.07,0.2486,1,Flicker
SSN2026000730,2026-03-11,2.0,55.926,759.355,85.971,0.5098,0,Normal
SSN2026000731,2026-03-10,1.0,56.37,714.096,84.841,0.2077,0,Normal
SSN2026000732,2026-01-15,4.0,49.611,670.059,85.88,0.5688,1,Brightness
SSN2026000733,2026-02-17,19.0,58.473,714.91,84.986,0.0858,0,Normal
SSN2026000734,2026-03-25,1.0,57.692,700.783,87.678,-0.067,0,Normal
SSN2026000735,2026-03-18,3.0,54.337,670.985,87.182,0.6438,0,Brightness
SSN2026000736,2026-03-16,22.0,53.467,717.61,88.237,-0.2955,0,Particle
SSN2026000737,2026-02-06,5.0,52.075,734.349,85.133,0.0941,0,Normal
SSN2026000738,2026-01-12,13.0,52.806,694.378,85.716,0.1286,0,Normal
SSN2026000739,2026-02-02,1.0,54.636,669.435,85.744,-0.0019,0,Normal
SSN2026000740,2026-03-04,6.0,52.261,657.595,84.808,0.6308,0,Brightness
SSN2026000741,2026-03-22,7.0,55.907,697.504,84.483,-0.1967,0,Particle
SSN2026000742,2026-03-06,7.0,57.81,717.196,84.933,-0.0426,0,Particle
SSN2026000743,2026-01-10,8.0,57.413,695.481,84.848,-0.175,1,Flicker
SSN2026000744,2026-03-01,6.0,53.321,699.074,84.802,-0.2272,1,Flicker
SSN2026000745,2026-01-18,1.0,56.616,724.601,86.663,-0.1794,0,Normal
SSN2026000746,2026-03-03,7.0,53.942,723.146,83.608,0.4661,0,Particle
SSN2026000747,2026-02-11,4.0,51.683,717.615,84.801,-0.0235,0,Normal
SSN2026000748,2026-02-18,2.0,51.601,723.096,86.295,0.243,1,Flicker
SSN2026000749,2026-02-28,0.0,55.317,696.062,85.944,0.4028,1,Flicker
SSN2026000750,2026-03-04,5.0,54.545,690.246,85.55,-0.183,0,Particle
SSN2026000751,2026-01-04,3.0,55.775,696.194,84.941,-0.2147,0,Normal
SSN2026000752,2026-04-03,8.0,55.501,686.011,87.906,0.3713,0,Particle
SSN2026000753,2026-02-26,2.0,50.778,660.53,86.165,0.3065,1,Flicker
SSN2026000754,2026-02-20,0.0,57.452,701.517,85.873,0.0056,0,Normal
SSN2026000755,2026-02-07,,53.682,742.952,85.694,-0.093,0,Normal
SSN2026000756,2026-01-17,1.0,60.849,735.329,86.148,0.4606,0,Normal
SSN2026000757,2026-03-03,12.0,54.965,728.716,83.543,0.4534,0,Particle
SSN2026000758,2026-02-06,8.0,56.935,713.512,,-0.2039,1,Flicker
SSN2026000759,2026-03-29,4.0,61.53,746.015,85.495,-0.0784,0,Normal
SSN2026000760,2026-03-03,6.0,55.275,680.889,83.13,-0.0898,1,Flicker
SSN2026000761,2026-02-16,1.0,56.102,683.878,85.7,0.0558,0,Normal
SSN2026000762,2026-01-09,,53.799,735.973,85.899,0.5613,0,Brightness
SSN2026000763,2026-02-24,5.0,58.656,706.897,86.5,0.1284,0,Particle
SSN2026000764,2026-03-20,9.0,51.194,695.147,87.015,-0.1954,0,Particle
SSN2026000765,2026-02-14,0.0,55.649,712.502,86.141,0.3303,0,Normal
SSN2026000766,2026-03-07,6.0,52.188,694.155,86.234,0.5186,0,Normal
SSN2026000767,2026-01-17,0.0,54.961,693.872,85.168,0.074,0,Normal
SSN2026000768,2026-02-07,7.0,51.135,683.076,86.231,0.5503,1,Brightness
SSN2026000769,2026-03-19,5.0,59.502,712.565,86.446,-0.0292,0,Particle
SSN2026000770,2026-02-09,1.0,53.971,717.314,85.063,-0.1289,0,Normal
SSN2026000771,2026-03-24,0.0,53.301,740.405,85.941,-0.112,1,Scratch
SSN2026000772,2026-02-09,0.0,55.962,709.568,85.526,0.1561,0,Normal
SSN2026000773,2026-03-18,0.0,51.236,696.857,84.296,0.6791,0,Brightness
SSN2026000774,2026-03-03,7.0,57.429,741.41,87.517,0.1262,1,Flicker
SSN2026000775,2026-03-29,0.0,56.068,731.583,83.016,-0.1178,0,Normal
SSN2026000776,2026-02-22,0.0,55.799,710.604,88.273,0.0978,0,Normal
SSN2026000777,2026-02-17,0.0,49.815,668.953,86.094,0.2529,0,Normal
SSN2026000778,2026-02-07,2.0,56.857,686.984,88.318,-0.2743,0,Normal
SSN2026000779,2026-03-04,0.0,54.829,694.463,85.783,0.634,0,Brightness
SSN2026000780,2026-04-03,6.0,55.717,702.707,87.813,0.0956,0,Particle
SSN2026000781,2026-01-17,7.0,55.482,691.647,87.114,-0.4008,0,Normal
SSN2026000782,2026-03-29,0.0,51.278,748.436,87.021,0.1261,0,Normal
SSN2026000783,2026-04-02,6.0,58.005,681.722,85.502,-0.3541,0,Particle
SSN2026000784,2026-03-14,0.0,51.592,678.248,85.537,0.7128,0,Brightness
SSN2026000785,2026-03-01,2.0,54.516,725.596,86.405,0.108,1,Flicker
SSN2026000786,2026-03-21,3.0,55.633,717.403,88.363,-0.1132,0,Normal
SSN2026000787,2026-01-25,5.0,57.392,653.467,85.108,0.3993,0,Particle
SSN2026000788,2026-03-06,4.0,52.022,669.745,85.056,0.467,0,Normal
SSN2026000789,2026-03-18,0.0,58.612,709.696,85.943,0.4757,1,Flicker
SSN2026000790,2026-03-15,7.0,57.924,737.89,84.104,-0.2988,0,Normal
SSN2026000791,2026-03-01,3.0,52.74,748.271,84.397,-0.1196,0,Normal
SSN2026000792,2026-02-06,2.0,52.05,705.683,87.142,0.11,0,Normal
SSN2026000793,2026-04-03,2.0,49.77,707.395,89.461,0.2434,0,Normal
SSN2026000794,2026-03-05,1.0,53.526,706.544,85.255,0.17,0,Normal
SSN2026000795,2026-03-14,8.0,53.261,721.94,83.995,0.1075,0,Particle
SSN2026000796,2026-02-28,1.0,57.955,752.123,85.012,0.598,0,Brightness
SSN2026000797,2026-03-22,3.0,51.892,735.657,85.134,-0.0914,1,Flicker
SSN2026000798,2026-02-18,8.0,54.626,703.72,84.989,0.2644,1,Flicker
SSN2026000799,2026-02-22,1.0,55.116,687.126,84.433,-0.2978,1,Flicker
SSN2026000800,2026-03-18,0.0,54.112,718.031,84.088,-0.0971,1,Flicker
SSN2026000801,2026-02-19,2.0,56.075,737.349,87.541,0.1479,1,Flicker
SSN2026000802,2026-01-26,2.0,59.384,698.779,86.634,0.3771,1,Flicker
SSN2026000803,2026-03-14,5.0,55.461,674.549,85.703,-0.1332,0,Normal
SSN2026000804,2026-02-06,0.0,53.601,706.656,87.396,0.5747,0,Brightness
SSN2026000805,2026-01-15,5.0,56.364,705.579,87.694,0.0276,1,Flicker
SSN2026000806,2026-02-07,2.0,52.526,671.116,84.193,0.6514,0,Brightness
SSN2026000807,2026-01-11,2.0,55.145,716.834,86.064,0.3574,0,Normal
SSN2026000808,2026-03-27,3.0,55.959,,86.339,0.0097,1,Flicker
SSN2026000809,2026-04-04,9.0,58.567,755.719,86.426,0.3166,0,Particle
SSN2026000810,2026-01-25,3.0,56.25,677.169,82.855,-0.1543,0,Normal
SSN2026000811,2026-03-31,1.0,52.059,728.113,86.902,0.0799,0,Normal
SSN2026000812,2026-03-11,3.0,56.74,729.234,84.371,-0.0739,0,Normal
SSN2026000813,2026-04-03,2.0,53.525,724.144,84.811,-0.0282,0,Normal
SSN2026000814,2026-01-20,9.0,56.323,677.745,85.614,0.3128,0,Particle
SSN2026000815,2026-01-10,1.0,55.092,682.719,85.487,-0.2733,0,Normal
SSN2026000816,2026-03-28,4.0,56.026,712.784,84.067,0.1927,0,Normal
SSN2026000817,2026-01-26,0.0,53.504,709.422,84.983,-0.0139,0,Normal
SSN2026000818,2026-03-02,7.0,60.263,691.079,87.273,0.0161,0,Particle
SSN2026000819,2026-03-29,6.0,59.534,726.884,86.55,0.4902,0,Normal
SSN2026000820,2026-02-07,4.0,56.474,688.82,85.36,0.3474,0,Normal
SSN2026000821,2026-01-14,4.0,60.074,668.319,86.142,0.3301,0,Normal
SSN2026000822,2026-03-15,3.0,50.564,705.986,86.299,0.3816,0,Normal
SSN2026000823,2026-02-13,3.0,50.363,713.269,87.444,-0.2283,0,Normal
SSN2026000824,2026-01-10,2.0,55.127,724.119,86.615,0.2291,0,Normal
SSN2026000825,2026-02-02,1.0,56.212,710.749,86.952,0.5163,1,Flicker
SSN2026000826,2026-02-22,1.0,55.302,741.093,85.77,-0.1315,0,Normal
SSN2026000827,2026-03-26,7.0,50.47,679.877,85.977,0.106,0,Particle
SSN2026000828,2026-01-23,4.0,,709.236,87.271,0.2936,0,Normal
SSN2026000829,2026-02-17,2.0,61.092,753.181,85.386,0.1059,0,Normal
SSN2026000830,2026-01-18,0.0,57.235,664.644,85.094,0.5544,0,Brightness
SSN2026000831,2026-02-02,6.0,58.446,715.629,83.327,0.091,0,Particle
SSN2026000832,2026-01-27,0.0,54.316,728.522,87.415,-0.2935,0,Normal
SSN2026000833,2026-02-19,3.0,53.813,732.731,86.357,0.5397,0,Normal
SSN2026000834,2026-03-08,4.0,55.487,731.722,84.559,0.0407,0,Normal
SSN2026000835,2026-01-16,5.0,62.302,725.826,86.234,-0.0419,0,Particle
SSN2026000836,2026-01-08,3.0,52.303,697.976,86.373,-0.0519,0,Normal
SSN2026000837,2026-03-10,1.0,52.583,741.484,84.12,0.1726,0,Normal
SSN2026000838,2026-01-31,0.0,56.447,684.041,87.207,0.4052,0,Normal
SSN2026000839,2026-03-01,4.0,58.197,,85.147,0.3592,0,Normal
SSN2026000840,2026-01-13,5.0,53.02,722.002,85.457,0.3262,0,Normal
SSN2026000841,2026-03-02,2.0,52.113,703.503,85.204,0.3226,0,Normal
SSN2026000842,2026-03-24,1.0,53.237,717.649,85.326,-0.1822,0,Normal
SSN2026000843,2026-02-12,2.0,55.127,711.21,84.133,0.0033,0,Normal
SSN2026000844,2026-02-27,9.0,57.043,756.753,85.47,0.1935,0,Particle
SSN2026000845,2026-01-28,3.0,53.979,721.882,87.297,-0.2364,0,Normal
SSN2026000846,2026-01-30,4.0,56.31,704.884,84.618,-0.2863,1,Flicker
SSN2026000847,2026-01-07,1.0,63.254,724.579,86.381,-0.4837,0,Normal
SSN2026000848,2026-02-18,3.0,60.865,692.307,87.608,-0.3191,1,Flicker
SSN2026000849,2026-03-28,4.0,55.548,727.822,85.148,0.2368,0,Normal
SSN2026000850,2026-01-17,6.0,54.485,723.868,85.422,0.4672,0,Particle
SSN2026000851,2026-02-11,2.0,56.044,715.216,87.213,-0.29,0,Normal
SSN2026000852,2026-03-24,2.0,53.92,669.967,82.602,0.2522,0,Normal
SSN2026000853,2026-02-15,3.0,50.248,655.281,87.424,-0.0828,0,Normal
SSN2026000854,2026-03-17,0.0,55.67,669.801,86.677,0.0225,0,Normal
SSN2026000855,2026-02-06,0.0,52.73,751.504,87.796,0.1072,0,Normal
SSN2026000856,2026-02-28,0.0,51.575,681.325,85.956,,1,Flicker
SSN2026000857,2026-04-04,11.0,56.582,725.03,87.545,-0.2592,0,
SSN2026000858,2026-02-28,5.0,50.41,692.201,86.829,-0.5603,0,Normal
SSN2026000859,2026-03-20,1.0,54.64,702.565,84.741,0.0001,0,Normal
SSN2026000860,2026-03-10,2.0,56.1,724.894,84.089,-0.2337,1,Flicker
SSN2026000861,2026-01-11,5.0,55.159,744.358,85.896,0.2194,0,Normal
SSN2026000862,2026-01-17,4.0,53.422,712.475,85.029,-0.2033,0,Normal
SSN2026000863,2026-03-03,1.0,54.158,715.565,85.772,-0.2854,0,Normal
SSN2026000864,2026-02-07,0.0,,739.945,85.609,0.5498,1,Flicker
SSN2026000865,2026-02-20,6.0,54.442,690.5,86.563,-0.1994,0,Particle
SSN2026000866,2026-02-20,4.0,56.092,743.579,84.221,0.3758,0,Normal
SSN2026000867,2026-03-18,1.0,53.933,740.0,84.884,-0.1408,0,Normal
SSN2026000868,2026-04-07,5.0,55.848,730.965,84.239,,1,Flicker
SSN2026000869,2026-04-06,4.0,55.488,,84.659,0.3825,0,Normal
SSN2026000870,2026-01-15,1.0,53.521,689.071,87.147,0.2363,0,Normal
SSN2026000871,2026-03-12,5.0,62.992,689.895,85.883,0.2762,1,Flicker
SSN2026000872,2026-03-14,5.0,53.729,681.596,85.119,,0,Particle
SSN2026000873,2026-03-20,1.0,54.327,684.958,87.303,0.1248,0,Normal
SSN2026000874,2026-02-15,2.0,53.638,725.236,86.803,0.0625,0,Normal
SSN2026000876,2026-02-16,7.0,57.389,724.483,86.292,-0.1556,0,Particle
SSN2026000877,2026-02-10,3.0,52.704,711.906,87.234,-0.0151,0,Normal
SSN2026000878,2026-01-26,5.0,52.323,684.479,86.775,0.0924,0,Particle
SSN2026000879,2026-03-02,0.0,55.442,680.803,86.408,0.0973,0,Normal
SSN2026000880,2026-01-03,5.0,52.805,709.216,84.488,-0.1092,1,Flicker
SSN2026000881,2026-03-11,1.0,49.378,700.143,84.852,0.0952,0,Normal
SSN2026000882,2026-03-24,1.0,52.941,690.358,87.61,-0.0028,0,Normal
SSN2026000883,2026-01-22,4.0,57.717,753.97,85.352,0.4623,0,Normal
SSN2026000884,2026-01-22,8.0,55.748,678.638,84.502,0.5682,1,Brightness
SSN2026000885,2026-02-19,4.0,58.905,752.018,86.948,0.7761,0,Brightness
SSN2026000886,2026-03-21,0.0,57.656,716.824,87.915,-0.0109,0,Normal
SSN2026000887,2026-01-18,1.0,54.84,727.838,85.796,0.1184,0,Normal
SSN2026000888,2026-02-09,4.0,60.395,732.65,85.202,0.1818,1,Flicker
SSN2026000889,2026-01-21,1.0,55.675,735.387,83.646,0.6211,0,Brightness
SSN2026000890,2026-03-20,7.0,56.027,743.719,86.845,0.4005,0,Particle
SSN2026000891,2026-03-26,2.0,54.804,679.133,84.517,-0.0469,0,Normal
SSN2026000892,2026-01-11,0.0,59.263,698.619,87.808,0.1196,0,Normal
SSN2026000893,2026-01-20,8.0,55.104,696.694,87.335,0.1511,0,Particle
SSN2026000895,2026-03-18,5.0,56.996,697.31,84.895,-0.2385,0,Normal
SSN2026000896,2026-03-28,5.0,52.785,751.877,84.993,0.76,1,
SSN2026000897,2026-02-08,0.0,56.589,707.598,85.154,-0.1852,1,Flicker
SSN2026000898,2026-01-19,2.0,56.934,752.078,85.669,0.2764,0,Normal
SSN2026000899,2026-03-05,7.0,55.77,767.511,84.853,0.5787,0,Brightness
SSN2026000900,2026-03-23,1.0,55.278,784.59,85.858,-0.3697,0,Normal
SSN2026000901,2026-03-24,2.0,50.766,758.77,85.937,0.0668,0,Normal
SSN2026000902,2026-02-11,2.0,55.396,770.689,86.944,-0.017,0,Normal
SSN2026000903,2026-03-16,3.0,52.331,719.823,84.709,0.1884,0,Normal
SSN2026000904,2026-04-04,1.0,62.923,712.843,88.351,-0.156,0,Scratch
SSN2026000905,2026-03-17,6.0,56.043,716.969,88.039,0.3224,0,Particle
SSN2026000906,2026-02-13,8.0,52.342,712.281,86.543,0.2897,0,Particle
SSN2026000907,2026-01-29,6.0,50.345,706.222,85.347,0.8046,0,Brightness
SSN2026000908,2026-02-07,0.0,58.007,727.601,86.651,0.5039,0,Normal
SSN2026000909,2026-02-05,3.0,54.423,693.624,86.17,-0.2295,0,Normal
SSN2026000910,2026-03-31,8.0,53.645,679.229,83.462,0.2101,0,Normal
SSN2026000911,2026-03-13,2.0,54.613,716.8,84.935,0.3334,0,Normal
SSN2026000912,2026-03-24,5.0,57.355,689.912,84.779,0.2758,0,Normal
SSN2026000913,2026-03-16,0.0,56.212,703.181,86.098,0.183,0,Normal
SSN2026000914,2026-02-14,0.0,55.509,705.903,85.532,0.4367,0,Normal
SSN2026000915,2026-03-20,2.0,54.91,706.278,86.933,0.249,0,Normal
SSN2026000916,2026-02-28,0.0,56.168,738.043,85.064,-0.2166,0,Normal
SSN2026000917,2026-03-14,5.0,56.713,697.151,86.261,0.0622,0,Particle
SSN2026000918,2026-02-03,1.0,56.668,739.041,85.808,-0.2283,0,Normal
SSN2026000919,2026-01-27,2.0,58.164,705.454,86.404,0.1456,0,Normal
SSN2026000920,2026-01-22,3.0,55.118,708.505,86.976,0.4987,0,Normal
SSN2026000921,2026-01-30,9.0,52.468,717.51,83.539,0.0291,1,Flicker
SSN2026000922,2026-04-03,2.0,54.028,684.547,87.145,-0.1556,1,Flicker
SSN2026000923,2026-03-30,0.0,56.397,728.382,86.517,0.0349,0,
SSN2026000924,2026-01-21,3.0,51.012,716.16,88.108,-0.3473,0,Normal
SSN2026000925,2026-02-25,0.0,49.907,730.176,86.315,-0.0239,0,Normal
SSN2026000926,2026-03-30,5.0,58.307,671.489,85.157,0.086,1,Flicker
SSN2026000927,2026-03-15,0.0,58.091,686.087,86.351,0.7343,0,Brightness
SSN2026000928,2026-03-04,2.0,52.073,689.38,88.437,-0.2547,0,
SSN2026000929,2026-02-28,5.0,,736.343,85.95,0.2088,0,Particle
SSN2026000930,2026-02-02,5.0,55.334,728.479,85.353,0.3047,0,Particle
SSN2026000931,2026-03-26,3.0,55.133,689.693,84.552,0.3306,0,Normal
SSN2026000932,2026-01-15,0.0,57.739,665.248,86.201,-0.0255,0,Normal
SSN2026000933,2026-03-21,2.0,51.586,681.143,87.243,0.5362,0,Particle
SSN2026000934,2026-03-24,0.0,52.314,690.875,86.562,0.302,0,Normal
SSN2026000936,2026-02-23,0.0,53.983,730.284,85.029,0.2524,0,Normal
SSN2026000937,2026-03-22,3.0,52.605,676.388,88.124,0.2106,0,Normal
SSN2026000938,2026-02-17,1.0,57.387,726.932,85.999,0.0855,0,Normal
SSN2026000939,2026-02-03,3.0,54.814,736.598,84.081,-0.1619,0,Normal
SSN2026000940,2026-01-13,0.0,55.314,684.547,86.297,0.3781,0,Normal
SSN2026000941,2026-02-13,3.0,54.921,708.879,84.365,-0.1461,0,Normal
SSN2026000942,2026-01-30,2.0,54.208,713.249,88.479,0.3015,1,Flicker
SSN2026000943,2026-03-22,7.0,58.144,715.821,87.528,0.4272,0,Particle
SSN2026000944,2026-03-25,1.0,53.403,681.593,84.005,-0.1609,0,Normal
SSN2026000945,2026-01-31,1.0,52.229,706.903,86.293,0.3462,0,Normal
SSN2026000946,2026-01-26,1.0,,733.038,84.883,0.2924,0,Normal
SSN2026000947,2026-02-02,5.0,55.292,743.23,88.073,0.3845,0,Particle
SSN2026000948,2026-02-13,0.0,51.391,684.817,85.593,0.2468,0,Normal
SSN2026000949,2026-03-03,2.0,50.894,682.921,87.807,0.4072,0,Normal
SSN2026000950,2026-01-16,0.0,55.04,716.327,84.404,0.2658,0,Normal
SSN2026000951,2026-04-02,3.0,53.022,730.055,83.881,0.6811,0,Brightness
SSN2026000952,2026-03-08,1.0,51.191,710.597,85.364,-0.368,0,Normal
SSN2026000953,2026-01-18,3.0,57.237,722.639,85.435,0.3622,0,Normal
SSN2026000954,2026-02-04,1.0,52.022,668.225,88.207,-0.0034,0,Normal
SSN2026000955,2026-03-10,4.0,56.38,719.713,88.386,-0.2005,0,Normal
SSN2026000956,2026-02-18,0.0,55.85,695.988,83.614,-0.2438,0,Normal
SSN2026000957,2026-02-18,5.0,55.312,695.896,87.663,0.0864,1,Flicker
SSN2026000958,2026-01-09,2.0,53.755,751.824,86.807,-0.1925,0,Normal
SSN2026000959,2026-02-07,0.0,47.993,669.171,85.343,0.3481,1,Flicker
SSN2026000960,2026-02-27,0.0,,711.009,84.236,-0.1844,1,Normal
SSN2026000961,2026-03-12,1.0,54.21,674.349,87.59,-0.1762,0,Normal
SSN2026000962,2026-02-16,7.0,56.448,714.965,86.613,0.3219,0,Particle
SSN2026000963,2026-02-24,8.0,50.704,733.175,86.786,-0.5287,1,Flicker
SSN2026000964,2026-01-21,17.0,54.778,697.754,86.414,-0.1213,0,Normal
SSN2026000965,2026-03-15,8.0,52.61,711.141,86.488,0.4624,0,Particle
SSN2026000966,2026-03-10,5.0,55.732,749.808,85.387,-0.0184,0,Normal
SSN2026000967,2026-03-13,6.0,55.033,714.125,85.691,-0.1121,0,Particle
SSN2026000968,2026-03-07,6.0,56.755,736.671,83.556,0.0391,0,Normal
SSN2026000969,2026-04-02,1.0,58.964,729.995,85.931,0.4533,0,Normal
SSN2026000970,2026-03-27,6.0,55.994,647.315,85.615,0.4851,0,Normal
SSN2026000971,2026-03-19,2.0,57.802,718.1,86.84,-0.5335,0,Normal
SSN2026000972,2026-02-01,3.0,52.485,687.87,84.511,-0.003,0,Normal
SSN2026000973,2026-01-13,6.0,63.336,684.546,88.227,0.6239,1,Brightness
SSN2026000974,2026-01-04,2.0,50.458,748.954,86.382,0.1454,0,Normal
SSN2026000975,2026-03-18,5.0,54.915,700.4,85.639,0.0446,0,Particle
SSN2026000976,2026-03-27,3.0,56.861,748.514,87.597,0.8208,0,Brightness
SSN2026000977,2026-03-02,5.0,56.78,688.111,83.935,0.0643,0,Normal
SSN2026000978,2026-03-07,2.0,55.535,691.027,83.467,0.2934,0,Normal
SSN2026000979,2026-01-10,2.0,55.935,718.118,83.406,0.5635,0,Brightness
SSN2026000980,2026-02-22,0.0,50.123,699.502,84.575,0.4242,0,Normal
SSN2026000981,2026-02-25,1.0,61.162,724.68,84.611,0.661,0,Brightness
SSN2026000982,2026-01-20,6.0,55.183,694.063,87.03,0.0748,0,Normal
SSN2026000983,2026-03-11,4.0,57.658,706.278,83.77,0.3925,0,Normal
SSN2026000984,2026-02-04,1.0,46.965,716.804,86.871,-0.2163,0,Normal
SSN2026000985,2026-01-21,2.0,53.117,710.762,86.705,0.3886,0,Normal
SSN2026000986,2026-03-09,3.0,52.948,733.591,84.571,0.261,0,Normal
SSN2026000987,2026-02-10,5.0,55.886,760.227,84.28,0.0717,0,Particle
SSN2026000988,2026-02-21,2.0,56.445,698.479,86.747,0.0255,1,Flicker
SSN2026000989,2026-02-24,3.0,55.767,700.452,87.183,0.1124,0,Normal
SSN2026000990,2026-02-28,8.0,53.25,709.791,85.854,0.0365,0,Particle
SSN2026000991,2026-02-13,3.0,54.527,747.668,86.389,0.0107,0,Normal
SSN2026000992,2026-03-17,3.0,54.486,742.021,86.645,0.7084,0,Brightness
SSN2026000993,2026-03-25,5.0,56.082,669.202,84.354,0.5232,0,Particle
SSN2026000994,2026-02-15,2.0,56.907,676.144,85.598,-0.0306,0,Normal
SSN2026000995,2026-01-19,0.0,55.387,688.385,87.412,0.5529,0,Brightness
SSN2026000996,2026-01-30,1.0,51.261,711.604,85.876,-0.1325,1,Flicker
SSN2026000997,2026-03-16,3.0,55.289,710.477,86.589,0.2723,0,Normal
SSN2026000998,2026-01-28,0.0,59.752,718.464,87.249,0.6781,0,Brightness
SSN2026000999,2026-03-17,3.0,57.795,707.703,85.74,0.0745,0,Normal
SSN2026001000,2026-03-04,5.0,47.737,746.311,84.792,0.141,0,Particle
SSN2026001001,2026-02-15,5.0,56.046,716.66,86.895,0.4513,0,Normal
SSN2026001002,2026-01-13,4.0,57.184,712.051,84.068,0.2883,0,Normal
SSN2026001003,2026-02-19,2.0,55.264,739.983,87.65,0.3501,0,Normal
SSN2026001004,2026-03-06,10.0,51.889,677.413,87.587,0.1971,0,Particle
SSN2026001005,2026-01-21,2.0,53.564,711.732,86.336,-0.2436,0,Normal
SSN2026001006,2026-03-21,4.0,56.116,717.085,85.989,0.4304,0,Normal
SSN2026001007,2026-01-21,6.0,52.379,729.552,84.45,-0.1809,0,Particle
SSN2026001008,2026-02-12,2.0,58.178,675.232,86.134,0.0474,0,Normal
SSN2026001009,2026-02-19,1.0,53.923,698.172,83.932,0.237,0,Normal
SSN2026001010,2026-03-14,4.0,52.534,715.168,86.484,-0.3383,1,Flicker
SSN2026001011,2026-01-24,0.0,57.581,721.817,86.752,0.6469,0,Brightness
SSN2026001012,2026-02-05,4.0,51.61,741.415,85.535,-0.0118,0,Normal
SSN2026001013,2026-03-16,4.0,54.747,719.532,84.238,0.4711,0,Normal
SSN2026001014,2026-01-31,0.0,53.721,697.134,87.868,0.0375,0,Normal
SSN2026001015,2026-03-04,1.0,59.563,722.175,87.101,0.595,0,Brightness
SSN2026001016,2026-02-10,2.0,53.263,712.945,83.593,0.105,0,Normal
SSN2026001018,2026-02-21,4.0,52.756,727.78,85.991,-0.314,0,Normal
SSN2026001019,2026-02-09,2.0,55.435,716.223,83.812,0.1906,0,Normal
SSN2026001020,2026-01-25,3.0,56.839,715.471,86.773,0.6389,0,Brightness
SSN2026001021,2026-03-26,5.0,58.865,737.134,85.792,0.7357,0,Brightness
SSN2026001022,2026-03-15,5.0,58.819,723.825,86.492,0.0024,0,Normal
SSN2026001023,2026-01-30,2.0,56.14,732.009,86.017,0.2783,0,Normal
SSN2026001024,2026-02-24,8.0,52.258,773.781,87.166,-0.0895,0,Particle
SSN2026001025,2026-03-12,2.0,60.348,734.092,87.019,0.1809,0,Normal
SSN2026001026,2026-01-08,6.0,54.27,691.589,85.677,0.2336,0,Particle
SSN2026001027,2026-01-16,0.0,52.385,722.901,86.49,0.0411,0,Normal
SSN2026001028,2026-02-19,0.0,56.394,720.147,84.723,0.3635,0,Normal
SSN2026001029,2026-03-27,1.0,53.398,732.082,84.543,0.6143,0,Brightness
SSN2026001030,2026-03-27,2.0,53.448,741.343,87.093,-0.0495,0,Normal
SSN2026001031,2026-02-12,0.0,54.154,676.822,85.619,-0.4088,0,
SSN2026001032,2026-03-10,3.0,56.253,752.704,87.541,-0.2167,0,Normal
SSN2026001033,2026-02-17,1.0,53.069,746.452,87.194,0.0834,0,
SSN2026001034,2026-03-29,1.0,52.379,720.876,87.817,-0.0923,1,Flicker
SSN2026001035,2026-02-26,1.0,51.267,729.233,86.841,0.1478,0,Normal
SSN2026001036,2026-03-27,2.0,56.304,695.458,86.758,0.0082,1,Flicker
SSN2026001037,2026-02-08,2.0,55.609,707.079,84.25,0.3633,0,Normal
SSN2026001038,2026-03-28,4.0,53.403,733.441,84.296,0.2326,0,Normal
SSN2026001039,2026-03-10,1.0,52.414,718.221,88.761,0.8269,0,Brightness
SSN2026001040,2026-03-12,0.0,57.701,717.398,87.182,0.3653,0,Normal
SSN2026001041,2026-01-08,4.0,56.948,719.961,86.501,-0.0486,0,Normal
SSN2026001042,2026-03-16,3.0,51.625,741.786,86.305,-0.385,0,Normal
SSN2026001043,2026-01-20,3.0,54.608,743.297,83.786,-0.0858,0,Normal
SSN2026001044,2026-04-01,4.0,57.107,,85.996,0.7002,0,Brightness
SSN2026001045,2026-01-20,8.0,53.128,722.641,86.54,0.5796,1,Brightness
SSN2026001046,2026-03-18,5.0,55.515,755.758,84.214,-0.0675,1,Flicker
SSN2026001047,2026-03-04,3.0,55.053,720.273,84.123,0.1203,0,Normal
SSN2026001048,2026-02-08,3.0,50.81,749.436,87.539,0.3361,0,Normal
SSN2026001049,2026-03-28,1.0,54.947,696.307,85.811,0.0134,0,Normal
SSN2026001050,2026-02-08,2.0,53.97,713.151,86.266,0.5171,0,Normal
SSN2026001051,2026-01-09,3.0,57.363,687.795,85.692,-0.1219,1,Flicker
SSN2026001052,2026-01-13,4.0,52.967,737.777,85.445,-0.1604,0,Normal
SSN2026001053,2026-03-21,3.0,55.146,741.33,87.629,-0.0471,0,Normal
SSN2026001054,2026-02-10,7.0,58.203,703.565,85.577,0.0879,0,Particle
SSN2026001055,2026-03-20,2.0,61.127,733.605,86.349,0.1071,0,Normal
SSN2026001056,2026-01-09,6.0,57.52,747.203,86.485,0.5803,1,Brightness
SSN2026001057,2026-01-11,7.0,52.701,716.981,,-0.189,1,Flicker
SSN2026001058,2026-03-31,6.0,55.667,716.912,84.542,-0.1103,0,Particle
SSN2026001059,2026-01-15,3.0,55.978,734.577,86.921,-0.1912,0,Normal
SSN2026001060,2026-03-04,,54.447,694.306,84.69,0.0441,1,Flicker
SSN2026001061,2026-02-07,4.0,51.156,705.945,86.777,-0.1038,0,Normal
SSN2026001062,2026-02-17,1.0,49.641,760.7,86.915,-0.3485,0,Normal
SSN2026001063,2026-01-13,3.0,52.517,682.195,88.761,-0.1925,0,Normal
SSN2026001064,2026-01-30,3.0,55.327,716.852,85.698,0.1097,0,Normal
SSN2026001065,2026-03-12,3.0,54.908,723.228,86.145,0.5525,0,Brightness
SSN2026001066,2026-02-25,2.0,55.843,714.141,85.483,0.2591,1,Flicker
SSN2026001067,2026-02-22,2.0,55.075,710.607,88.989,0.605,1,Brightness
SSN2026001068,2026-03-31,1.0,57.228,748.101,86.489,-0.3284,0,Normal
SSN2026001069,2026-02-11,2.0,56.697,716.09,85.781,0.3569,1,Flicker
SSN2026001070,2026-03-17,1.0,55.552,731.576,86.14,0.281,0,Normal
SSN2026001071,2026-03-11,3.0,55.536,752.321,85.195,-0.0157,0,Normal
SSN2026001072,2026-02-15,3.0,68.52199999999999,704.978,86.843,-0.0673,0,Normal
SSN2026001073,2026-01-30,0.0,54.791,685.526,85.872,0.1848,0,Normal
SSN2026001074,2026-02-05,8.0,56.368,751.533,84.864,0.2089,1,Flicker
SSN2026001075,2026-03-22,0.0,55.694,708.491,85.593,0.2599,0,Normal
SSN2026001076,2026-02-02,4.0,53.626,733.789,84.946,-0.2766,1,Flicker
SSN2026001077,2026-03-01,5.0,53.681,685.341,86.853,0.458,0,Particle
SSN2026001078,2026-01-19,2.0,54.964,715.743,87.163,0.0806,0,Normal
SSN2026001079,2026-02-08,5.0,53.658,695.831,86.41,,0,Particle
SSN2026001080,2026-03-28,1.0,55.144,708.989,,0.4871,0,Normal
SSN2026001081,2026-02-19,2.0,53.643,677.363,87.236,1.0124,0,Normal
SSN2026001082,2026-03-20,8.0,54.787,684.861,85.611,0.1494,0,Particle
SSN2026001083,2026-01-25,1.0,55.743,695.604,84.82,-0.0059,0,Normal
SSN2026001084,2026-03-13,5.0,55.255,653.297,86.295,-0.0235,0,Normal
SSN2026001085,2026-04-05,4.0,50.743,670.606,87.775,0.221,0,Normal
SSN2026001086,2026-03-28,10.0,,733.679,85.62,0.1064,0,Particle
SSN2026001087,2026-02-16,2.0,53.603,718.572,84.68,-0.2315,0,Normal
SSN2026001088,2026-03-04,4.0,54.441,677.497,86.994,-0.0246,1,Flicker
SSN2026001089,2026-03-27,4.0,56.824,725.284,84.994,-0.1545,0,Normal
SSN2026001090,2026-03-19,2.0,53.539,691.195,84.552,-0.3042,0,Normal
SSN2026001091,2026-04-01,3.0,58.93,729.081,83.525,0.0107,0,Normal
SSN2026001092,2026-01-07,1.0,53.775,704.747,86.305,0.509,0,Normal
SSN2026001093,2026-02-20,1.0,47.286,699.587,86.462,0.1657,0,Normal
SSN2026001095,2026-03-14,5.0,54.664,773.001,85.514,0.1136,0,Particle
SSN2026001096,2026-01-18,1.0,54.081,697.605,85.391,0.144,1,Flicker
SSN2026001097,2026-02-26,2.0,52.83,711.908,85.743,-0.2019,0,Normal
SSN2026001098,2026-01-20,0.0,54.778,728.201,86.623,-0.1246,1,Flicker
SSN2026001099,2026-01-15,4.0,53.042,701.749,86.123,-0.1573,0,Normal
SSN2026001100,2026-01-15,5.0,52.393,673.374,85.547,-0.1945,0,Particle
SSN2026001101,2026-03-31,2.0,58.02,696.029,88.182,-0.1451,0,Normal
SSN2026001102,2026-01-26,2.0,54.283,722.329,85.164,0.0023,0,Normal
SSN2026001103,2026-02-17,3.0,53.938,702.845,84.716,-0.2321,0,Normal
SSN2026001104,2026-01-31,7.0,53.856,702.544,86.367,-0.3744,0,Particle
SSN2026001105,2026-03-29,2.0,56.157,738.991,84.519,-0.3982,0,Normal
SSN2026001106,2026-03-28,2.0,49.058,693.468,87.396,0.1161,0,Normal
SSN2026001107,2026-03-04,1.0,55.251,711.935,85.204,0.3175,1,Flicker
SSN2026001108,2026-03-21,2.0,52.799,679.698,83.5,0.2803,0,Normal
SSN2026001109,2026-01-13,3.0,52.359,710.966,85.514,0.0087,1,Flicker
SSN2026001110,2026-04-07,3.0,51.773,720.956,84.603,0.6324,1,Brightness
SSN2026001111,2026-02-08,1.0,52.879,730.449,84.682,0.309,0,Normal
SSN2026001112,2026-02-13,5.0,54.527,682.18,85.231,0.2108,0,Particle
SSN2026001113,2026-01-24,3.0,55.462,704.559,85.966,0.2149,0,Normal
SSN2026001114,2026-03-27,0.0,51.58,674.42,83.804,0.4519,0,Normal
SSN2026001115,2026-01-18,2.0,52.341,699.401,85.509,0.4832,0,Normal
SSN2026001116,2026-03-23,5.0,58.329,743.955,87.563,-0.0084,0,Particle
SSN2026001117,2026-03-08,1.0,51.802,705.086,86.308,0.3826,1,Flicker
SSN2026001118,2026-03-16,2.0,55.947,677.716,85.696,-0.1453,1,Flicker
SSN2026001119,2026-01-08,1.0,51.734,692.755,87.14,0.3869,0,Normal
SSN2026001120,2026-03-13,3.0,52.958,670.506,83.985,0.349,0,Normal
SSN2026001121,2026-04-03,3.0,55.962,681.153,86.41,-0.1032,0,Normal
SSN2026001122,2026-02-06,7.0,53.035,726.41,85.807,0.5748,1,Brightness
SSN2026001123,2026-02-13,2.0,51.118,676.011,86.298,0.413,0,Normal
SSN2026001124,2026-01-13,3.0,58.462,721.79,86.348,-0.1485,0,Normal
SSN2026001125,2026-02-21,3.0,58.404,716.534,86.515,0.748,1,Normal
SSN2026001126,2026-03-06,3.0,50.088,683.285,88.62,0.128,0,Normal
SSN2026001127,2026-01-29,0.0,52.113,714.114,86.629,-0.0699,0,Normal
SSN2026001128,2026-03-11,1.0,56.384,685.168,85.597,0.434,1,Flicker
SSN2026001129,2026-01-12,10.0,54.021,734.149,84.358,-0.0537,0,Scratch
SSN2026001130,2026-03-05,6.0,58.366,672.747,86.128,,1,Flicker
SSN2026001131,2026-02-27,0.0,57.853,700.446,86.821,0.1814,0,Normal
SSN2026001132,2026-01-27,4.0,56.606,703.205,85.863,-0.032,0,Normal
SSN2026001133,2026-02-06,3.0,51.97,723.48,85.384,-0.0431,0,Normal
SSN2026001134,2026-01-27,2.0,55.824,714.655,86.196,0.0317,0,Normal
SSN2026001135,2026-03-03,0.0,52.288,661.97,85.33,0.2858,1,Flicker
SSN2026001136,2026-03-02,5.0,55.665,721.868,87.622,-0.0923,0,Particle
SSN2026001137,2026-02-25,6.0,56.456,660.918,88.431,0.1058,1,Flicker
SSN2026001138,2026-01-19,2.0,53.035,699.3,85.631,0.066,0,Normal
SSN2026001139,2026-01-26,3.0,56.848,695.632,85.2,0.0629,1,Scratch
SSN2026001140,2026-03-17,4.0,61.007,698.667,87.529,0.2372,0,Normal
SSN2026001141,2026-02-17,2.0,55.42,715.137,86.854,0.2591,0,Normal
SSN2026001142,2026-02-11,2.0,55.043,728.742,86.401,0.5096,0,Normal
SSN2026001143,2026-02-04,6.0,54.228,701.313,85.22,-0.3354,0,Normal
SSN2026001144,2026-03-29,3.0,56.008,694.402,83.754,0.5698,0,Brightness
SSN2026001145,2026-01-29,2.0,51.118,701.748,86.935,0.1317,0,Normal
SSN2026001146,2026-03-14,0.0,54.992,682.217,85.048,-0.248,1,Flicker
SSN2026001147,2026-03-15,2.0,56.043,698.132,86.297,0.0472,0,Scratch
SSN2026001148,2026-01-27,6.0,61.834,741.662,84.968,0.3371,0,Normal
SSN2026001149,2026-01-07,4.0,50.381,673.685,84.871,0.001,0,Normal
SSN2026001150,2026-01-25,4.0,55.636,702.93,85.447,0.2117,0,Normal
SSN2026001151,2026-01-28,6.0,58.228,692.719,84.634,0.6174,0,Brightness
SSN2026001152,2026-03-11,0.0,56.812,748.311,85.985,0.3546,1,Flicker
SSN2026001153,2026-02-22,6.0,52.687,707.971,84.356,0.2523,0,Particle
SSN2026001154,2026-02-11,2.0,51.566,700.486,89.089,0.533,1,Flicker
SSN2026001155,2026-02-13,0.0,52.682,690.086,86.432,0.2425,0,Normal
SSN2026001156,2026-03-30,1.0,50.003,716.102,86.168,0.32,0,Normal
SSN2026001157,2026-03-29,5.0,51.532,725.843,87.809,0.4658,0,Particle
SSN2026001158,2026-01-07,3.0,51.58,684.136,84.882,0.0979,1,Flicker
SSN2026001159,2026-03-24,4.0,55.007,728.444,85.616,-0.0351,0,Normal
SSN2026001160,2026-02-09,5.0,54.164,712.056,86.161,0.1652,0,Normal
SSN2026001161,2026-03-14,0.0,53.899,737.337,82.863,-0.0031,0,Normal
SSN2026001162,2026-04-06,2.0,51.89,697.388,86.269,0.1506,0,Normal
SSN2026001163,2026-02-17,0.0,54.34,712.642,83.436,0.4914,0,Normal
SSN2026001164,2026-03-05,3.0,52.859,704.334,85.226,0.523,1,Flicker
SSN2026001165,2026-02-12,4.0,52.749,744.001,86.794,-0.104,0,Normal
SSN2026001166,2026-01-10,0.0,56.141,717.928,85.715,0.167,0,Normal
SSN2026001167,2026-01-07,2.0,56.619,710.221,86.139,-0.0158,0,Normal
SSN2026001168,2026-02-05,1.0,55.23,,85.716,0.6091,0,Brightness
SSN2026001169,2026-03-21,5.0,52.969,698.069,85.619,-0.143,0,Particle
SSN2026001170,2026-02-04,1.0,55.845,725.251,86.172,0.383,0,Normal
SSN2026001171,2026-02-09,0.0,51.143,729.539,85.356,0.1747,0,Normal
SSN2026001172,2026-02-24,4.0,55.213,695.766,86.254,0.3662,0,Normal
SSN2026001173,2026-02-03,0.0,55.573,708.607,84.886,0.2547,0,Normal
SSN2026001174,2026-02-17,0.0,53.917,714.333,87.595,-0.0042,0,Normal
SSN2026001175,2026-03-01,2.0,53.052,713.167,85.137,-0.2801,1,Flicker
SSN2026001176,2026-03-21,2.0,53.577,668.438,84.685,-0.0306,0,Normal
SSN2026001177,2026-03-14,0.0,58.586,687.555,85.338,0.417,1,Flicker
SSN2026001178,2026-03-16,2.0,58.124,685.959,84.308,0.3629,0,Normal
SSN2026001179,2026-02-19,9.0,51.547,699.841,88.003,0.2286,0,Particle
SSN2026001180,2026-03-07,5.0,54.789,680.573,86.158,0.0329,0,Particle
SSN2026001181,2026-01-20,2.0,53.663,700.752,85.915,-0.1549,0,Normal
SSN2026001182,2026-01-20,5.0,55.225,687.369,85.461,0.0629,0,Normal
SSN2026001183,2026-03-30,2.0,56.38,703.361,85.597,-0.0939,0,Normal
SSN2026001184,2026-02-28,9.0,54.517,687.357,85.449,0.0718,0,Particle
SSN2026001185,2026-01-14,0.0,56.652,725.899,85.334,0.0961,0,Normal
SSN2026001186,2026-02-10,4.0,55.715,722.045,87.847,-0.2845,0,Scratch
SSN2026001188,2026-01-06,0.0,54.791,696.833,88.422,-0.0026,0,Normal
SSN2026001189,2026-02-14,5.0,53.967,665.538,85.491,-0.0114,0,Particle
SSN2026001190,2026-03-24,2.0,54.759,711.555,85.891,0.1629,0,Normal
SSN2026001191,2026-03-30,6.0,57.646,695.468,86.719,-0.0615,0,Particle
SSN2026001192,2026-02-04,1.0,55.718,718.223,85.781,0.3281,0,Normal
SSN2026001193,2026-03-27,4.0,58.111,729.397,86.947,0.3604,0,Normal
SSN2026001194,2026-03-12,2.0,54.093,707.185,83.926,0.459,1,Flicker
SSN2026001195,2026-02-10,5.0,54.301,747.969,83.376,0.5272,0,Normal
SSN2026001196,2026-03-15,6.0,57.969,704.312,83.548,-0.284,0,Normal
SSN2026001197,2026-03-18,0.0,53.158,694.337,85.77,0.4556,1,Flicker
SSN2026001198,2026-01-27,1.0,56.97,735.462,86.277,0.3242,0,Normal
SSN2026001199,2026-01-15,6.0,57.549,709.368,85.336,0.3951,0,Particle
SSN2026001200,2026-03-17,0.0,53.996,698.39,86.729,0.107,0,Normal
SSN2026001201,2026-01-15,3.0,54.666,749.757,87.269,-0.5007,0,Normal
SSN2026001202,2026-03-13,0.0,54.008,729.351,85.042,-0.0438,0,Particle
SSN2026001203,2026-02-07,4.0,56.658,715.718,85.204,0.6642,0,Brightness
SSN2026001204,2026-03-06,1.0,61.067,702.127,85.974,0.3392,1,Flicker
SSN2026001205,2026-02-25,4.0,54.198,734.609,86.471,-0.0541,0,Normal
SSN2026001206,2026-01-10,6.0,55.656,712.581,85.48,0.3683,0,Particle
SSN2026001207,2026-01-04,2.0,54.852,705.614,86.3,-0.2237,0,Normal
SSN2026001208,2026-03-01,1.0,54.614,723.517,85.832,0.0077,0,Normal
SSN2026001209,2026-02-18,0.0,52.981,721.248,87.096,0.4297,1,Flicker
SSN2026001210,2026-01-05,0.0,52.335,725.278,81.403,0.1887,0,Normal
SSN2026001211,2026-04-03,7.0,55.981,733.121,88.459,0.2637,0,Particle
SSN2026001212,2026-01-26,0.0,53.577,712.126,86.837,,0,Normal
SSN2026001213,2026-03-24,3.0,53.647,729.092,85.698,0.2881,1,Flicker
SSN2026001214,2026-01-13,2.0,57.589,696.896,87.465,0.6724,0,Normal
SSN2026001215,2026-01-28,5.0,53.721,755.167,86.218,0.0014,0,Particle
SSN2026001216,2026-02-18,1.0,53.158,687.33,85.627,0.3721,0,Normal
SSN2026001217,2026-02-21,1.0,58.332,709.233,85.757,0.1634,0,Normal
SSN2026001218,2026-02-28,1.0,50.68,671.071,85.817,0.1102,0,Particle
SSN2026001219,2026-01-17,1.0,,708.828,87.525,-0.1581,0,Normal
SSN2026001220,2026-01-29,1.0,54.884,697.443,86.793,-0.2348,0,Normal
SSN2026001221,2026-01-29,1.0,57.17,722.348,84.979,0.0218,0,Normal
SSN2026001222,2026-02-13,0.0,53.859,714.131,87.075,0.0103,0,Normal
SSN2026001223,2026-03-28,2.0,,681.13,86.122,-0.1924,1,Flicker
SSN2026001224,2026-02-18,20.0,57.51,706.149,87.791,0.1875,0,Normal
SSN2026001225,2026-04-02,7.0,58.489,738.37,85.749,0.2618,0,Particle
SSN2026001226,2026-01-29,4.0,55.653,669.195,87.52,0.0843,1,Flicker
SSN2026001227,2026-01-25,6.0,56.784,684.286,87.614,-0.3524,0,Normal
SSN2026001228,2026-01-13,3.0,54.512,730.59,83.741,-0.217,0,Normal
SSN2026001229,2026-01-22,9.0,59.777,716.814,86.933,0.532,1,Flicker
SSN2026001230,2026-02-03,5.0,49.785,710.926,85.834,-0.0433,0,Normal
SSN2026001231,2026-02-06,8.0,,740.06,85.658,-0.2174,0,Particle
SSN2026001232,2026-03-09,0.0,55.504,699.108,87.543,-0.2489,1,Flicker
SSN2026001233,2026-02-14,1.0,50.727,691.916,87.976,-0.0585,0,Normal
SSN2026001235,2026-01-15,1.0,59.497,706.489,85.291,0.2107,0,Normal
SSN2026001236,2026-03-30,1.0,52.578,744.471,87.895,-0.1482,1,Flicker
SSN2026001237,2026-01-21,3.0,56.279,670.413,86.905,0.2409,0,Normal
SSN2026001238,2026-01-09,0.0,57.253,673.61,86.921,0.1321,0,Normal
SSN2026001239,2026-02-10,3.0,54.969,676.572,89.024,0.7694,0,Brightness
SSN2026001240,2026-03-05,2.0,56.74,738.982,87.368,0.3474,0,Normal
SSN2026001241,2026-01-26,3.0,51.622,694.888,86.566,0.1715,1,Flicker
SSN2026001242,2026-01-19,4.0,53.518,702.93,85.599,0.1979,0,Normal
SSN2026001243,2026-03-24,0.0,54.77,676.133,84.789,0.6367,0,Brightness
SSN2026001244,2026-03-21,4.0,53.339,710.605,86.092,0.3073,0,Normal
SSN2026001245,2026-03-16,0.0,56.409,728.784,84.77,0.4357,0,Normal
SSN2026001246,2026-01-27,3.0,56.992,717.627,87.842,0.1052,1,Flicker
SSN2026001247,2026-02-24,1.0,61.112,696.399,86.914,-0.1141,0,Normal
SSN2026001248,2026-03-08,2.0,54.219,682.331,84.292,0.1071,0,Normal
SSN2026001249,2026-02-12,5.0,61.107,702.868,86.335,0.1561,1,Flicker
SSN2026001250,2026-01-24,1.0,56.3,710.288,85.765,0.3028,0,Normal
SSN2026001251,2026-03-23,3.0,60.467,687.391,84.991,0.2887,0,Normal
SSN2026001252,2026-03-29,2.0,50.674,726.277,87.975,0.1496,0,Normal
SSN2026001253,2026-01-20,2.0,55.981,727.522,84.67,0.3658,1,Flicker
SSN2026001254,2026-03-10,2.0,55.536,704.244,86.092,0.211,1,Flicker
SSN2026001255,2026-03-22,0.0,55.787,727.657,86.81,0.1644,0,Normal
SSN2026001256,2026-02-19,1.0,58.413,712.648,85.365,-0.0647,0,Normal
SSN2026001257,2026-01-06,5.0,56.388,731.546,85.973,0.5804,0,Brightness
SSN2026001258,2026-03-06,3.0,58.163,752.21,86.544,0.5836,0,Brightness
SSN2026001259,2026-04-01,1.0,55.185,682.699,85.576,-0.2243,0,Particle
SSN2026001260,2026-01-27,4.0,52.784,733.624,86.039,0.6474,0,Brightness
SSN2026001261,2026-01-20,0.0,54.091,745.167,86.087,0.2689,0,Normal
SSN2026001262,2026-01-27,4.0,55.088,682.362,85.795,0.1132,1,Flicker
SSN2026001263,2026-03-19,4.0,53.333,698.668,85.897,0.0283,0,Normal
SSN2026001264,2026-02-22,7.0,52.123,691.739,85.983,0.4486,0,Particle
SSN2026001265,2026-01-07,3.0,58.018,698.201,88.853,-0.2483,1,Particle
SSN2026001266,2026-02-27,4.0,54.178,703.051,84.724,-0.1035,0,Normal
SSN2026001267,2026-03-18,0.0,59.537,692.958,86.3,0.485,0,Normal
SSN2026001268,2026-01-23,5.0,53.765,721.337,86.243,0.3201,0,Normal
SSN2026001269,2026-02-27,0.0,57.213,671.412,87.347,-0.0056,0,Normal
SSN2026001270,2026-01-26,1.0,56.528,701.336,84.899,0.3183,0,Normal
SSN2026001271,2026-01-06,3.0,53.132,742.32,85.475,0.6883,1,Brightness
SSN2026001272,2026-02-11,4.0,55.85,728.273,85.232,-0.0893,0,Normal
SSN2026001274,2026-03-09,7.0,56.739,719.699,88.078,0.2776,0,Particle
SSN2026001275,2026-01-14,3.0,57.214,740.711,85.317,0.2501,1,Flicker
SSN2026001276,2026-01-19,1.0,57.57,713.505,86.259,-0.2293,0,Normal
SSN2026001277,2026-02-22,2.0,57.068,692.891,85.572,0.0888,0,Normal
SSN2026001278,2026-02-05,2.0,57.05,735.088,85.691,0.1929,0,Normal
SSN2026001279,2026-02-06,2.0,55.583,745.91,86.392,0.0404,0,Normal
SSN2026001280,2026-02-12,4.0,58.212,691.817,84.381,0.5246,1,Flicker
SSN2026001281,2026-03-17,1.0,51.373,702.309,87.642,,0,Normal
SSN2026001282,2026-02-24,5.0,54.883,733.132,85.765,-0.1438,0,Normal
SSN2026001283,2026-03-20,3.0,54.528,721.982,87.437,-0.3398,0,Normal
SSN2026001284,2026-01-12,2.0,55.191,659.84,85.663,0.5062,0,Normal
SSN2026001285,2026-02-13,1.0,60.051,734.437,85.179,0.4953,1,Flicker
SSN2026001286,2026-02-22,0.0,53.027,686.571,85.778,0.4275,0,Normal
SSN2026001287,2026-03-13,2.0,,676.918,85.731,-0.0868,0,Normal
SSN2026001288,2026-02-19,2.0,57.459,670.782,85.96,-0.052,0,Normal
SSN2026001290,2026-03-20,2.0,50.692,686.482,87.134,-0.2384,0,Normal
SSN2026001291,2026-03-08,2.0,56.749,717.309,87.245,-0.0034,0,Normal
SSN2026001293,2026-02-02,2.0,55.95,708.554,86.835,-0.0313,0,Particle
SSN2026001294,2026-02-20,2.0,53.32,716.187,85.101,0.1694,0,Normal
SSN2026001295,2026-02-12,2.0,51.091,708.936,86.218,0.5417,0,Normal
SSN2026001296,2026-01-10,8.0,53.091,710.754,84.38,0.0837,0,Particle
SSN2026001297,2026-01-28,0.0,55.568,684.61,85.573,-0.3106,0,Normal
SSN2026001298,2026-03-20,2.0,52.296,698.124,85.997,0.6876,0,Brightness
SSN2026001299,2026-02-17,7.0,54.657,711.032,86.449,0.1357,0,Particle
SSN2026001300,2026-03-28,3.0,53.518,707.913,87.21,0.0564,0,Normal
SSN2026001301,2026-01-25,1.0,55.164,719.867,86.466,0.273,1,Scratch
SSN2026001302,2026-04-02,5.0,54.079,737.992,86.102,0.7401,0,Brightness
SSN2026001303,2026-03-19,1.0,55.454,723.637,88.457,-0.1833,0,Normal
SSN2026001304,2026-02-07,4.0,57.615,693.897,85.031,0.4446,0,Normal
SSN2026001305,2026-02-27,1.0,54.111,665.499,87.25,-0.0599,0,Normal
SSN2026001306,2026-04-06,1.0,55.86,690.257,85.904,-0.2305,0,Normal
SSN2026001307,2026-03-03,5.0,54.824,680.107,86.192,0.3437,0,Particle
SSN2026001308,2026-03-28,0.0,49.89,703.416,83.578,-0.3618,0,Normal
SSN2026001309,2026-01-14,2.0,57.486,707.989,88.133,-0.0592,0,Normal
SSN2026001310,2026-01-18,2.0,55.9,707.593,87.656,-0.2472,0,Normal
SSN2026001311,2026-01-02,2.0,57.539,740.928,87.688,-0.34,0,Normal
SSN2026001312,2026-01-31,2.0,53.036,721.827,85.715,0.0709,0,Normal
SSN2026001313,2026-03-17,1.0,52.406,759.072,83.176,0.1386,1,Flicker
SSN2026001314,2026-03-29,4.0,52.289,723.365,85.024,-0.0888,0,Normal
SSN2026001315,2026-02-25,0.0,56.122,736.799,84.025,-0.1022,1,Flicker
SSN2026001316,2026-02-15,4.0,51.197,706.146,86.313,0.3811,0,Normal
SSN2026001317,2026-03-31,2.0,54.027,677.978,87.769,0.8376,0,Brightness
SSN2026001318,2026-02-28,3.0,56.241,710.397,85.558,-0.1417,1,Flicker
SSN2026001319,2026-02-23,4.0,52.881,713.095,84.914,-0.1184,0,Normal
SSN2026001320,2026-01-14,2.0,52.279,692.024,86.309,0.0203,1,Flicker
SSN2026001321,2026-01-26,1.0,57.31,691.264,85.195,-0.0091,1,Flicker
SSN2026001322,2026-03-08,2.0,57.734,723.333,86.371,-0.0481,1,Flicker
SSN2026001323,2026-03-10,1.0,56.997,687.173,87.562,0.3414,0,Normal
SSN2026001324,2026-02-16,3.0,57.625,671.63,84.589,0.1693,0,Normal
SSN2026001325,2026-03-12,1.0,54.059,695.866,86.459,-0.0256,0,Normal
SSN2026001326,2026-03-09,2.0,53.52,708.633,84.182,0.6551,0,Brightness
SSN2026001327,2026-01-07,2.0,53.797,679.455,84.538,-0.2457,0,Normal
SSN2026001328,2026-03-19,3.0,55.619,706.647,86.578,-0.1889,0,Normal
SSN2026001329,2026-03-05,0.0,55.125,724.533,86.134,-0.29,0,Normal
SSN2026001330,2026-01-22,1.0,55.318,725.662,84.555,-0.0342,0,Normal
SSN2026001331,2026-01-26,4.0,55.615,687.318,85.352,0.7068,0,Brightness
SSN2026001332,2026-04-03,6.0,58.229,679.325,86.58,-0.0074,0,Normal
SSN2026001333,2026-01-30,3.0,55.201,693.097,87.332,0.0963,0,Normal
SSN2026001334,2026-01-04,2.0,59.228,723.771,85.625,0.1414,0,Normal
SSN2026001335,2026-01-07,1.0,52.213,732.383,85.849,0.6375,0,Brightness
SSN2026001336,2026-01-27,6.0,50.293,715.732,85.609,0.0955,1,Flicker
SSN2026001337,2026-03-05,3.0,56.504,742.822,,0.2809,0,Normal
SSN2026001338,2026-02-12,3.0,52.799,752.447,88.47,-0.2141,0,Normal
SSN2026001339,2026-03-12,2.0,54.008,695.444,85.526,0.4443,0,Normal
SSN2026001340,2026-01-22,4.0,53.102,739.347,85.951,0.444,0,Normal
SSN2026001341,2026-01-22,8.0,51.913,697.578,86.686,-0.1284,0,Particle
SSN2026001342,2026-02-12,3.0,52.637,734.991,85.051,0.5307,0,Normal
SSN2026001343,2026-03-20,1.0,53.96,725.757,85.834,0.0191,0,Normal
SSN2026001344,2026-02-17,2.0,53.423,665.459,86.521,-0.0544,0,Normal
SSN2026001345,2026-03-16,1.0,54.853,682.239,86.404,0.157,0,Normal
SSN2026001346,2026-01-16,0.0,58.314,681.349,86.869,-0.018,0,Normal
SSN2026001347,2026-02-10,0.0,55.906,668.794,84.785,0.0408,0,Normal
SSN2026001348,2026-02-11,0.0,51.758,721.003,86.652,-0.1093,0,
SSN2026001349,2026-01-13,3.0,57.989,763.587,85.65,-0.325,0,Normal
SSN2026001351,2026-01-29,3.0,55.503,714.96,87.803,-0.0971,1,Flicker
SSN2026001352,2026-02-18,0.0,55.167,756.828,86.795,0.4986,0,Normal
SSN2026001353,2026-01-20,2.0,53.888,708.802,86.658,0.0767,0,Normal
SSN2026001354,2026-01-27,0.0,53.497,701.858,83.478,0.539,0,Normal
SSN2026001355,2026-03-31,0.0,55.199,701.418,87.065,-0.0316,0,Normal
SSN2026001356,2026-01-16,3.0,58.581,725.668,85.788,0.2187,0,Normal
SSN2026001357,2026-03-19,3.0,52.149,729.407,86.241,-0.1555,0,Normal
SSN2026001358,2026-02-20,3.0,53.295,721.593,85.825,0.0662,0,Normal
SSN2026001359,2026-01-13,1.0,55.083,727.96,87.119,0.7786,0,Brightness
SSN2026001360,2026-02-10,4.0,52.902,715.364,83.761,-0.1767,0,Normal
SSN2026001361,2026-02-17,2.0,49.385,688.489,85.952,0.1399,0,Normal
SSN2026001362,2026-01-26,7.0,54.767,739.135,87.517,0.531,0,Normal
SSN2026001363,2026-01-26,0.0,59.979,677.347,86.403,0.7418,0,Brightness
SSN2026001364,2026-03-08,4.0,55.154,727.532,84.816,-0.036,0,Normal
SSN2026001365,2026-01-04,5.0,56.891,727.714,84.982,-0.0362,0,Normal
SSN2026001366,2026-03-30,1.0,49.366,683.001,87.048,-0.3037,0,Normal
SSN2026001367,2026-02-04,4.0,55.865,697.449,86.453,0.3241,0,Normal
SSN2026001368,2026-02-05,1.0,55.524,757.328,87.471,0.591,0,Brightness
SSN2026001369,2026-01-15,2.0,61.426,699.956,85.455,0.6781,1,Brightness
SSN2026001370,2026-03-24,4.0,55.993,686.076,86.951,-0.024,0,Normal
SSN2026001371,2026-01-25,10.0,54.268,738.803,84.461,0.7159,1,Brightness
SSN2026001372,2026-03-19,1.0,52.259,681.56,86.374,0.0884,0,Normal
SSN2026001373,2026-02-03,0.0,56.079,665.088,85.729,0.4364,0,Normal
SSN2026001374,2026-01-06,1.0,58.716,726.72,87.73,0.4867,1,Flicker
SSN2026001375,2026-02-07,1.0,55.344,691.63,87.263,-0.3126,0,Normal
SSN2026001376,2026-02-23,0.0,53.807,711.171,87.241,-0.1366,0,Normal
SSN2026001377,2026-02-18,1.0,55.419,693.225,87.55,0.298,0,Scratch
SSN2026001378,2026-04-06,1.0,56.499,725.304,86.701,0.0261,0,Normal
SSN2026001379,2026-02-21,2.0,51.658,713.983,86.187,0.0515,0,Normal
SSN2026001380,2026-03-15,4.0,56.832,644.008,85.327,-0.0394,0,Normal
SSN2026001381,2026-02-08,0.0,53.427,690.569,88.462,-0.0579,1,Flicker
SSN2026001382,2026-01-21,5.0,54.858,695.281,88.348,0.6031,0,Brightness
SSN2026001383,2026-02-15,2.0,53.08,745.174,86.495,0.0871,0,Normal
SSN2026001384,2026-02-24,3.0,56.141,719.257,84.772,0.0722,0,Normal
SSN2026001385,2026-02-12,3.0,60.103,733.196,83.65,0.0994,0,Normal
SSN2026001386,2026-03-17,5.0,50.488,699.595,85.243,,1,Flicker
SSN2026001387,2026-04-01,2.0,56.186,685.195,87.317,-0.1176,0,Normal
SSN2026001388,2026-01-15,2.0,57.485,705.216,86.859,-0.4744,1,Flicker
SSN2026001389,2026-01-13,7.0,56.519,686.307,87.042,-0.1399,0,Particle
SSN2026001390,2026-01-31,7.0,53.09,736.845,85.212,-0.2299,0,Particle
SSN2026001391,2026-02-23,2.0,50.73,699.56,84.74,-0.0354,0,Particle
SSN2026001392,2026-01-08,2.0,51.138,682.294,87.032,-0.2075,0,Normal
SSN2026001393,2026-01-24,2.0,54.969,688.717,85.979,0.1738,0,Normal
SSN2026001394,2026-02-07,2.0,56.335,727.632,86.431,0.6524,0,Brightness
SSN2026001395,2026-02-10,0.0,53.38,699.839,88.406,0.7196,0,Brightness
SSN2026001396,2026-03-23,0.0,53.136,700.067,86.119,0.1406,0,Scratch
SSN2026001397,2026-02-25,2.0,51.683,738.65,85.686,0.1795,0,Normal
SSN2026001398,2026-03-25,6.0,54.939,692.534,84.69,0.3752,0,Particle
SSN2026001399,2026-03-17,3.0,61.796,666.25,83.278,0.1627,0,Normal
SSN2026001400,2026-02-14,0.0,53.038,679.321,83.765,0.1448,1,Flicker
SSN2026001401,2026-03-30,7.0,52.883,720.503,86.351,-0.2054,0,Particle
SSN2026001402,2026-03-24,6.0,52.244,700.364,86.669,0.1268,0,Particle
SSN2026001403,2026-02-18,5.0,55.587,673.484,85.15,0.0248,0,Particle
SSN2026001404,2026-03-22,8.0,54.803,742.671,86.595,-0.1015,0,Particle
SSN2026001405,2026-01-26,3.0,,715.386,84.893,-0.0146,0,Normal
SSN2026001406,2026-01-22,0.0,52.518,722.168,85.712,0.5067,1,Flicker
SSN2026001407,2026-03-17,3.0,52.904,714.681,85.97,0.4141,0,Normal
SSN2026001408,2026-03-17,8.0,54.511,678.363,84.131,0.312,1,Flicker
SSN2026001409,2026-01-25,0.0,61.897,711.053,83.829,-0.0785,0,Normal
SSN2026001410,2026-03-14,5.0,55.929,728.427,86.824,0.4598,0,Particle
SSN2026001411,2026-02-21,0.0,55.278,744.615,84.166,0.0492,0,Normal
SSN2026001412,2026-02-25,2.0,53.324,734.403,85.935,-0.2403,0,Normal
SSN2026001413,2026-03-25,3.0,51.75,715.297,85.532,0.2289,0,Normal
SSN2026001414,2026-01-22,6.0,56.979,664.591,84.799,0.0827,0,Normal
SSN2026001415,2026-02-13,2.0,56.245,703.88,87.834,0.242,0,Normal
SSN2026001416,2026-02-02,5.0,53.939,687.83,85.014,-0.2129,0,Particle
SSN2026001417,2026-02-22,1.0,57.739,730.967,86.614,0.7546,1,Brightness
SSN2026001418,2026-01-22,2.0,54.584,724.254,85.03,0.1815,0,Normal
SSN2026001419,2026-01-18,6.0,56.601,683.788,85.011,0.2049,0,Particle
SSN2026001420,2026-03-07,1.0,55.587,706.763,87.622,0.0057,0,Normal
SSN2026001421,2026-01-13,2.0,57.094,716.116,86.358,-0.337,0,Normal
SSN2026001422,2026-02-11,6.0,52.673,731.775,88.238,-0.0105,0,Particle
SSN2026001423,2026-04-05,1.0,,673.455,85.612,0.3714,0,Normal
SSN2026001424,2026-04-03,0.0,56.859,660.699,83.382,0.0358,0,Normal
SSN2026001425,2026-01-19,3.0,54.577,704.632,86.267,-0.3081,0,Normal
SSN2026001426,2026-03-28,3.0,58.819,651.07,86.436,0.596,0,Brightness
SSN2026001427,2026-02-02,2.0,51.345,711.302,86.607,-0.1446,0,Normal
SSN2026001428,2026-01-19,2.0,56.21,722.91,85.28,0.1575,0,Normal
SSN2026001429,2026-02-19,2.0,55.268,748.121,86.62,0.2652,0,Normal
SSN2026001430,2026-02-20,7.0,52.367,694.484,87.379,0.8208,0,Brightness
SSN2026001431,2026-02-04,4.0,54.242,717.406,85.275,0.4221,0,Normal
SSN2026001432,2026-02-11,6.0,57.685,725.248,86.263,0.1231,0,Normal
SSN2026001433,2026-01-11,1.0,51.733,685.606,85.795,-0.2064,1,Flicker
SSN2026001434,2026-01-26,7.0,54.338,729.531,85.608,-0.2174,0,Particle
SSN2026001435,2026-01-19,3.0,55.032,709.065,86.978,-0.1907,0,Normal
SSN2026001436,2026-03-27,4.0,60.601,695.163,85.477,-0.0337,0,Normal
SSN2026001437,2026-02-18,5.0,53.981,705.209,86.101,-0.0133,0,Normal
SSN2026001438,2026-02-22,1.0,57.224,702.613,88.934,0.2126,1,Flicker
SSN2026001439,2026-02-14,1.0,56.509,730.047,85.673,0.4848,0,Normal
SSN2026001440,2026-03-27,4.0,54.689,696.409,86.736,0.4978,0,Normal
SSN2026001441,2026-03-14,1.0,56.54,714.058,84.777,0.7143,0,Brightness
SSN2026001442,2026-03-07,4.0,53.236,704.817,85.284,0.3168,0,Normal
SSN2026001443,2026-02-05,2.0,52.782,697.051,85.034,-0.061,0,Normal
SSN2026001444,2026-01-30,0.0,50.252,716.028,83.999,-0.1365,0,Normal
SSN2026001445,2026-03-27,8.0,55.674,687.137,85.665,0.2347,0,Normal
SSN2026001446,2026-03-27,6.0,55.483,733.658,87.77,0.0767,0,Particle
SSN2026001447,2026-01-29,4.0,54.221,718.116,87.362,-0.1956,0,Normal
SSN2026001448,2026-02-02,4.0,57.787,681.236,86.01,0.2022,0,Normal
SSN2026001449,2026-02-03,2.0,56.844,720.991,82.438,0.2515,0,Normal
SSN2026001450,2026-03-14,1.0,54.521,693.993,85.42,0.0133,0,Normal
SSN2026001451,2026-04-01,10.0,54.666,676.303,85.597,-0.1865,0,Particle
SSN2026001452,2026-03-28,1.0,54.641,700.547,86.381,-0.3177,1,Flicker
SSN2026001453,2026-03-20,0.0,60.196,703.912,85.13,0.4441,0,Normal
SSN2026001454,2026-02-05,5.0,55.631,713.269,86.886,0.5144,1,Normal
SSN2026001455,2026-02-03,2.0,57.084,713.472,84.551,0.3193,0,Normal
SSN2026001456,2026-03-23,3.0,60.32,735.776,85.14,0.3632,0,Normal
SSN2026001457,2026-02-08,5.0,55.339,678.186,86.104,0.7487,0,Brightness
SSN2026001458,2026-01-25,0.0,52.808,693.806,83.864,-0.1123,0,Normal
SSN2026001459,2026-03-19,2.0,53.969,749.939,87.269,0.3494,0,Normal
SSN2026001460,2026-02-16,6.0,53.936,659.592,85.705,0.387,0,Particle
SSN2026001461,2026-01-12,5.0,58.637,682.206,87.519,0.33,0,Normal
SSN2026001462,2026-03-29,4.0,53.793,685.453,85.104,-0.2188,0,Normal
SSN2026001463,2026-01-28,2.0,55.981,702.961,86.292,0.537,0,Particle
SSN2026001464,2026-02-02,1.0,54.233,709.9,86.867,0.7011,0,Brightness
SSN2026001465,2026-02-24,7.0,55.555,,86.853,-0.3976,0,Particle
SSN2026001466,2026-02-01,0.0,51.279,718.055,86.045,0.0024,1,Flicker
SSN2026001467,2026-03-20,3.0,60.234,677.328,87.308,-0.2444,0,Normal
SSN2026001468,2026-03-07,4.0,53.278,693.643,85.686,0.2873,1,Normal
SSN2026001469,2026-02-22,2.0,58.154,,84.573,0.256,0,Normal
SSN2026001470,2026-01-21,3.0,54.009,732.876,86.126,0.1107,0,Normal
SSN2026001471,2026-02-20,3.0,53.422,775.22,85.84,0.453,0,Normal
SSN2026001472,2026-01-26,3.0,55.143,715.676,86.882,0.3612,0,Normal
SSN2026001473,2026-04-03,6.0,56.481,676.438,85.345,0.1386,0,Particle
SSN2026001474,2026-03-20,0.0,55.908,701.981,85.862,-0.2541,0,Normal
SSN2026001475,2026-01-15,4.0,57.703,718.063,86.802,0.4194,0,Normal
SSN2026001476,2026-02-23,0.0,60.624,687.579,84.869,0.3034,1,Flicker
SSN2026001477,2026-03-19,5.0,56.562,722.844,87.049,-0.2029,0,Normal
SSN2026001478,2026-02-23,0.0,58.311,656.831,87.777,-0.427,0,Normal
SSN2026001479,2026-01-16,1.0,54.098,720.157,88.639,0.5546,0,Brightness
SSN2026001480,2026-01-17,6.0,59.721,695.441,87.268,0.2788,0,Particle
SSN2026001481,2026-03-09,3.0,55.691,719.228,84.327,-0.0123,0,Normal
SSN2026001482,2026-02-18,4.0,53.466,747.373,85.735,0.1612,0,Normal
SSN2026001483,2026-02-24,10.0,56.888,672.609,85.134,0.2608,1,Flicker
SSN2026001484,2026-01-29,1.0,57.434,714.733,84.414,-0.1642,0,Normal
SSN2026001485,2026-01-31,6.0,54.733,721.235,86.151,0.1463,0,Particle
SSN2026001486,2026-02-12,1.0,55.822,719.992,86.805,-0.2002,0,Normal
SSN2026001487,2026-02-20,7.0,57.804,679.635,85.781,0.0869,0,Normal
SSN2026001488,2026-02-19,4.0,55.086,748.522,85.466,0.1714,0,Normal
SSN2026001489,2026-03-22,11.0,47.639,703.329,86.715,-0.1011,0,Particle
SSN2026001490,2026-01-19,7.0,58.93,687.631,87.678,0.4728,1,Flicker
SSN2026001491,2026-02-17,0.0,55.605,697.79,84.269,0.6888,0,Brightness
SSN2026001492,2026-01-27,2.0,52.817,697.969,83.657,0.2584,0,Normal
SSN2026001493,2026-01-07,6.0,53.633,678.064,88.149,-0.0743,0,Particle
SSN2026001494,2026-02-12,1.0,54.531,721.772,86.115,0.3483,1,Flicker
SSN2026001495,2026-01-08,6.0,54.118,703.18,85.122,0.3146,0,Particle
SSN2026001496,2026-02-05,0.0,54.242,724.447,86.277,0.0312,1,Flicker
SSN2026001497,2026-03-05,2.0,53.168,712.558,84.257,0.1424,1,Flicker
SSN2026001498,2026-02-06,7.0,56.895,749.498,82.703,0.1453,1,Flicker
SSN2026001499,2026-03-05,2.0,60.864,710.999,87.473,-0.2259,0,Normal
SSN_YONLY_0000,2026-03-18,1.0,53.933,740.0,84.884,-0.1408,1,Normal
SSN_YONLY_0001,2026-02-23,2.0,51.959,699.318,85.866,0.0465,0,Normal
SSN_YONLY_0002,2026-01-12,,55.191,659.84,85.663,0.5062,0,Normal
SSN_YONLY_0003,2026-02-14,2.0,56.294,711.52,85.6,0.0038,0,Flicker
SSN_YONLY_0004,2026-02-05,5.0,56.076,705.929,87.093,-0.0516,0,Normal
SSN_YONLY_0005,2026-01-12,1.0,52.616,752.73,85.254,0.2348,0,Normal
SSN_YONLY_0006,2026-01-08,4.0,53.971,713.607,86.453,0.4685,0,Normal
SSN_YONLY_0007,2026-04-01,1.0,52.712,723.029,85.158,-0.1701,0,Normal
SSN_YONLY_0008,2026-03-18,,61.302,699.758,88.032,0.0554,0,Flicker
